nom_arxiu,nom_fons,caption,toponims,noms_propis,url,filename,year
Arxiu Comarcal Conca de Barberà,Anton Moix,Retrat d'un nen no identificat a les escales de l'església de Santa Maria,Montblanc,,https://static.arxiusenlinia.cultura.gencat.cat/active/GIAC/NOTEXTUAL/310/122/1/1149/ACCB_681862_310012230001149.jpg,ACCB_681862_310012230001149.jpg,1950
Arxiu Comarcal Pla de l'Estany,Col·lecció Lluís Martí,"[Nom del (s) productor(s)]: Martí i Salló, Lluís . [Abast i contingut]: Retrat d'estudi d'una monja amb hàbit, agenollada en un reclinatori i amb un rosari",,,"https://static.arxiusenlinia.cultura.gencat.cat/active/GIAC/NOTEXTUAL/180/47/1/1300/ACPE_941767_180004730001300,0001.jpg","ACPE_941767_180004730001300,0001.jpg",1925
Arxiu Municipal de Sant Cugat del Vallès,Cabanas (fotògrafs),Retrat de nena vestida per a la primera comunió.,Sant Cugat del Vallès,,https://static.arxiusenlinia.cultura.gencat.cat/active/GANC/NOTEXTUAL/5/4/4/4416/ANC_926993_809451.jpg,ANC_926993_809451.jpg,1939
Arxiu Nacional de Catalunya,FREDERIC CUYÀS,"Retrat d'estudi de cos sencer d'una nena de Calella de la família Tortós, vestida de Verge Maria, mirant cap amunt i amb les mans creuades sobre el pit. Es tracta d'una familiar de Frederic Cuyàs.",Catalunya,,https://static.arxiusenlinia.cultura.gencat.cat/active/GANC/NOTEXTUAL/1/434/0/77/ANC_769247_551807.jpg,ANC_769247_551807.jpg,1938
Arxiu Nacional de Catalunya,BRANGULÍ (FOTÒGRAFS),"Representació teatral religiosa dels alumnes del col·legi Presentación. Carrer Bellafila, Barcelona",Barcelona,"Presentación, Col·legi",https://static.arxiusenlinia.cultura.gencat.cat/active/GANC/NOTEXTUAL/1/42/21/21807/ANC_134175_120113.jpg,ANC_134175_120113.jpg,1928
Arxiu Nacional de Catalunya,COL·LECCIÓ D'ÀLBUMS FOTOGRÀFICS DE L'ARXIU NACIONAL DE CATALUNYA,"Retrat de mig cos, d'una dona gran no identificada asseguda en una cadira. Va vestida de negre amb un mocador que li cobreix el cabell. És membre de la família Batlló.",Barcelona,,https://static.arxiusenlinia.cultura.gencat.cat/active/GANC/NOTEXTUAL/1/371/0/345/ANC_579514_93918.jpg,ANC_579514_93918.jpg,1898
Arxiu Nacional de Catalunya,ANTONIO ESPLUGAS,Retrat de cos sencer d'una actriu que porta un mocador al cap i un davantal.,Barcelona,,https://static.arxiusenlinia.cultura.gencat.cat/active/GANC/NOTEXTUAL/1/402/1/1221/ANC_483236_389021.jpg,ANC_483236_389021.jpg,1905
Arxiu Nacional de Catalunya,ANTONIO ESPLUGAS,"Retrat de cos sencer d'una de les actrius partitipants a l'obra ""Quo Vadis"" caracteritzada per interpretar el seu paper. L'òbra, protagonitzada per Dolores Bremón i Mercedes Pardo, va ser presentada a començaments de 1907 per la companyia de Francisco García Ortega.",Barcelona,,https://static.arxiusenlinia.cultura.gencat.cat/active/GANC/NOTEXTUAL/1/402/1/1231/ANC_484342_390573.jpg,ANC_484342_390573.jpg,1907
Arxiu Nacional de Catalunya,ANTONIO ESPLUGAS,Retrat de cos sencer d'una actriu que porta un mantó i que balla.,Barcelona,,https://static.arxiusenlinia.cultura.gencat.cat/active/GANC/NOTEXTUAL/1/402/1/1264/ANC_481136_385946.jpg,ANC_481136_385946.jpg,1910
Arxiu Nacional de Catalunya,ANTONIO ESPLUGAS,"Retrat de cos sencer de l'actriu Manuela González Muñoz ""la Bella Czarina"" coberta amb una mantellina, porta un faldó.",Barcelona,"González Muñoz, Manuela (La Bella Zarina) (actriu)",https://static.arxiusenlinia.cultura.gencat.cat/active/GANC/NOTEXTUAL/1/402/1/1309/ANC_481900_386967.jpg,ANC_481900_386967.jpg,1905
Arxiu Nacional de Catalunya,ANTONIO ESPLUGAS,Retrat de cos sencer i de costat d'una artista flamenca que sosté una guitarra.,Barcelona,,https://static.arxiusenlinia.cultura.gencat.cat/active/GANC/NOTEXTUAL/1/402/0/155/ANC_481030_385787.jpg,ANC_481030_385787.jpg,1885
Arxiu Nacional de Catalunya,ANTONIO ESPLUGAS,Retrat de cos sencer de l'actriu María Tubau amb el cap cobert per una mantellina.,Barcelona,María Tubau (actriu),https://static.arxiusenlinia.cultura.gencat.cat/active/GANC/NOTEXTUAL/1/402/0/15/ANC_487089_394820.jpg,ANC_487089_394820.jpg,1882
Arxiu Nacional de Catalunya,ANTONIO ESPLUGAS,"Retrat de cos sencer de l'actriu Palmesana, porta un mantó i una mantellina que li cobreix el cap.",Barcelona,Palmesana (actriu),https://static.arxiusenlinia.cultura.gencat.cat/active/GANC/NOTEXTUAL/1/402/1/1624/ANC_485180_391927.jpg,ANC_485180_391927.jpg,1905
Arxiu Nacional de Catalunya,ANTONIO ESPLUGAS,"Reproducció d'un retrat de cos sencer de la soprano Concepció ""Concetta"" Bordalba vestida per a una actuació. L'autor de la fotografia original és l'estudi ""Guigoni & Bossi  Milano"".",Barcelona,"Bordalba, Concepció [Concetta] (soprano)",https://static.arxiusenlinia.cultura.gencat.cat/active/GANC/NOTEXTUAL/1/402/2/2202/ANC_484599_390806.jpg,ANC_484599_390806.jpg,1905
Arxiu Nacional de Catalunya,ANTONIO ESPLUGAS,Retrat de cos sencer d'una actriu vestida de monja.,Barcelona,,https://static.arxiusenlinia.cultura.gencat.cat/active/GANC/NOTEXTUAL/1/402/2/2525/ANC_484989_391700.jpg,ANC_484989_391700.jpg,1915
Arxiu Nacional de Catalunya,ANTONIO ESPLUGAS,Retrat de cos sencer de l'actriu Lolita Vallerini amb un mocador al cap.,Barcelona,Lolita Vallerini (actriu),https://static.arxiusenlinia.cultura.gencat.cat/active/GANC/NOTEXTUAL/1/402/2/2947/ANC_486706_394238.jpg,ANC_486706_394238.jpg,1915
Arxiu Nacional de Catalunya,ANTONIO ESPLUGAS,Retrat de cos sencer de l'actriu Carmen Cobeña vestida de monja.,Barcelona,"Cobeña, Carmen (actriu)",https://static.arxiusenlinia.cultura.gencat.cat/active/GANC/NOTEXTUAL/1/402/0/366/ANC_480571_385342.jpg,ANC_480571_385342.jpg,1885
Arxiu Nacional de Catalunya,ANTONIO ESPLUGAS,Retrat de cos sencer de l'actriu Carmen Zadi amb un vestit d'escena.,Barcelona,Carmen Zadi (actriu),https://static.arxiusenlinia.cultura.gencat.cat/active/GANC/NOTEXTUAL/1/402/3/3846/ANC_485284_391993.jpg,ANC_485284_391993.jpg,1915
Arxiu Nacional de Catalunya,ANTONIO ESPLUGAS,"Retrat de cos sencer de l'actriu Nita Jó, elegantment vestida",Barcelona,Nita Jó (actriu),https://static.arxiusenlinia.cultura.gencat.cat/active/GANC/NOTEXTUAL/1/402/4/4026/ANC_487198_384765.jpg,ANC_487198_384765.jpg,1915
Arxiu Nacional de Catalunya,ANTONIO ESPLUGAS,"Retrat de cos sencer de l'actriu Pura ""Purita"" Montoro Rodríguez vestida d'holandesa i asseguda.",Barcelona,Purita Montoro (actriu),https://static.arxiusenlinia.cultura.gencat.cat/active/GANC/NOTEXTUAL/1/402/4/4150/ANC_486229_393620.jpg,ANC_486229_393620.jpg,1915
Arxiu Nacional de Catalunya,ANTONIO ESPLUGAS,"Retrat de cos sencer de l'actriu María Tubau que porta un vestit llarg i es cobreix el cap amb una mantellina, sosté una espelma en una mà.",Barcelona,María Tubau (actriu),https://static.arxiusenlinia.cultura.gencat.cat/active/GANC/NOTEXTUAL/1/402/0/425/ANC_484377_390666.jpg,ANC_484377_390666.jpg,1885
Arxiu Nacional de Catalunya,ANTONIO ESPLUGAS,Retrat de cos sencer d'una actriu que es recolza en una tauleta.,Barcelona,,https://static.arxiusenlinia.cultura.gencat.cat/active/GANC/NOTEXTUAL/1/402/4/4285/ANC_481236_386084.jpg,ANC_481236_386084.jpg,1915
Arxiu Nacional de Catalunya,ANTONIO ESPLUGAS,Retrat de cos sencer de l'actriu Campitos amb vestit de gala.,Barcelona,Campitos (actriu),https://static.arxiusenlinia.cultura.gencat.cat/active/GANC/NOTEXTUAL/1/402/4/4715/ANC_483377_389261.jpg,ANC_483377_389261.jpg,1915
Arxiu Nacional de Catalunya,ANTONIO ESPLUGAS,"Retrat de cos sencer d'una actriu i cantant de sarsuela caracteritzada per a una actuació, sosté un plat en una mà.",Barcelona,,https://static.arxiusenlinia.cultura.gencat.cat/active/GANC/NOTEXTUAL/1/402/0/474/ANC_483006_388642.jpg,ANC_483006_388642.jpg,1885
Arxiu Nacional de Catalunya,ANTONIO ESPLUGAS,"Retrat de cos sencer de la soprano Concepció ""Conxita"" Supervia i Pascual caracteritzada per a una actuació.",Barcelona,"Conchita Supervía (soprano) (veure Supervía i Pascual, Concepció)",https://static.arxiusenlinia.cultura.gencat.cat/active/GANC/NOTEXTUAL/1/402/4/4803/ANC_487115_395031.jpg,ANC_487115_395031.jpg,1915
Arxiu Nacional de Catalunya,ANTONIO ESPLUGAS,Retrat de cos sencer de la cupletista Carmen Flores vestida de zíngara amb un mocador al cap.,Barcelona,Carmen Flores (actriu cupletista),https://static.arxiusenlinia.cultura.gencat.cat/active/GANC/NOTEXTUAL/1/402/4/4869/ANC_482846_388447.jpg,ANC_482846_388447.jpg,1915
Arxiu Nacional de Catalunya,ANTONIO ESPLUGAS,Retrat de cos sencer i de costat de la soprano Avelina Carrera que porta un mantell a l'esquena que arriba fins al terra i una corona.,Barcelona,"Carrera, Andreua Avelina (cantant)",https://static.arxiusenlinia.cultura.gencat.cat/active/GANC/NOTEXTUAL/1/402/0/493/ANC_480622_385680.jpg,ANC_480622_385680.jpg,1885
Arxiu Nacional de Catalunya,ANTONIO ESPLUGAS,Retrat de cos sencer de l'actriu Asunción Betoré que es posa les mans al cap.,Barcelona,"Betoré, Asunción (actriz)",https://static.arxiusenlinia.cultura.gencat.cat/active/GANC/NOTEXTUAL/1/402/4/4980/ANC_483563_389411.jpg,ANC_483563_389411.jpg,1915
Arxiu Nacional de Catalunya,ANTONIO ESPLUGAS,"Retrat de cos sencer de l'actriu Presentación Nadal asseguda en una cadira, porta un vestit llarg i unes plomes al cap.",Barcelona,"Nadal, Presentación (actriu)",https://static.arxiusenlinia.cultura.gencat.cat/active/GANC/NOTEXTUAL/1/402/4/4983/ANC_483329_389197.jpg,ANC_483329_389197.jpg,1915
Arxiu Nacional de Catalunya,ANTONIO ESPLUGAS,"Retrat de cos sencer de l'actriu Presentación Nadal vestida de camperola i asseguda al terra sobre un element de decorat, darrere seu apareix un fons pintat de bosc.",Barcelona,"Nadal, Presentación (actriu)",https://static.arxiusenlinia.cultura.gencat.cat/active/GANC/NOTEXTUAL/1/402/5/5001/ANC_486161_393552.jpg,ANC_486161_393552.jpg,1915
Arxiu Nacional de Catalunya,ANTONIO ESPLUGAS,"Retrat de cos sencer de l'actriu mexicana Naná coberta amb una mantellina, posa una mà sobre una cadira que té darrere seu.",Barcelona,Naná (actriu mexicana),https://static.arxiusenlinia.cultura.gencat.cat/active/GANC/NOTEXTUAL/1/402/5/5099/ANC_482422_387841.jpg,ANC_482422_387841.jpg,1915
Arxiu Nacional de Catalunya,ANTONIO ESPLUGAS,"Retrat de cos sencer de l'actriu Elvira Cortés vestida d'aragonesa amb un mocador al cap, agafa una tela.",Barcelona,Elvira Cortés (actriu),https://static.arxiusenlinia.cultura.gencat.cat/active/GANC/NOTEXTUAL/1/402/5/5107/ANC_482221_387497.jpg,ANC_482221_387497.jpg,1915
Arxiu Nacional de Catalunya,ANTONIO ESPLUGAS,"Retrat de cos sencer d'una artista flamenca, porta un vestit de cua, un mantó i un barret.",Barcelona,,https://static.arxiusenlinia.cultura.gencat.cat/active/GANC/NOTEXTUAL/1/402/0/548/ANC_481636_386684.jpg,ANC_481636_386684.jpg,1885
Arxiu Nacional de Catalunya,Foto Estudio Vilaseca,"Retrat de l'actriu María Morera caracterizada en l'obra ""El mistich"", Barcelona",Barcelona,"Morera i Franco, Maria (actriu)",https://static.arxiusenlinia.cultura.gencat.cat/active/GANC/NOTEXTUAL/1/1014/1/1028/ANC_503367_358028.jpg,ANC_503367_358028.jpg,1929
Arxiu Nacional de Catalunya,Foto Estudio Vilaseca,"Retrat de l'actriu María Morera caracterizada en l'obra ""Qui compra maduixes"", Barcelona",Barcelona,"Morera i Franco, Maria (actriu)",https://static.arxiusenlinia.cultura.gencat.cat/active/GANC/NOTEXTUAL/1/1014/1/1030/ANC_503369_358030.jpg,ANC_503369_358030.jpg,1929
Arxiu Nacional de Catalunya,Foto Estudio Vilaseca,"Retrat de l'actriu María Morera caracterizada en l'obra ""La vida pel Czar"", Barcelona",Barcelona,"Morera i Franco, Maria (actriu)",https://static.arxiusenlinia.cultura.gencat.cat/active/GANC/NOTEXTUAL/1/1014/1/1032/ANC_503371_358032.jpg,ANC_503371_358032.jpg,1929
Arxiu Nacional de Catalunya,Foto Estudio Vilaseca,"Retrat de l'actriu María Morera amb vestit tradicional català, Barcelona",Barcelona,"Morera i Franco, Maria (actriu)",https://static.arxiusenlinia.cultura.gencat.cat/active/GANC/NOTEXTUAL/1/1014/1/1034/ANC_503373_358034.jpg,ANC_503373_358034.jpg,1930
Arxiu Nacional de Catalunya,Foto Estudio Vilaseca,"Retrat de l'actriu María Morera amb vestit tradicional català, Barcelona",Barcelona,"Morera i Franco, Maria (actriu)",https://static.arxiusenlinia.cultura.gencat.cat/active/GANC/NOTEXTUAL/1/1014/1/1036/ANC_503375_358036.jpg,ANC_503375_358036.jpg,1930
Arxiu Nacional de Catalunya,Foto Estudio Vilaseca,"Retrat de l'actriu María Morera caracteritzada en l'obra ""La priora del roser"", Barcelona",Barcelona,"Morera i Franco, Maria (actriu)",https://static.arxiusenlinia.cultura.gencat.cat/active/GANC/NOTEXTUAL/1/1014/1/1053/ANC_503392_358053.jpg,ANC_503392_358053.jpg,1935
Arxiu Nacional de Catalunya,NARCÍS NOBAS BALLBÉ,"Retrat de la nena Teresa Nobas disfressada, Barcelona.",Barcelona,"Nobas Pujals, Teresa",https://static.arxiusenlinia.cultura.gencat.cat/active/GANC/NOTEXTUAL/1/1052/0/149/ANC_586732_379452.jpg,ANC_586732_379452.jpg,1882
Arxiu Nacional de Catalunya,RAFAEL AREÑAS(pare i fill),Retrat d'estudi d'una actriu de teatre caracteritzada,Barcelona,,https://static.arxiusenlinia.cultura.gencat.cat/active/GANC/NOTEXTUAL/1/1057/0/35/ANC_586820_377345.jpg,ANC_586820_377345.jpg,1910
Arxiu Nacional de Catalunya,ANTONIO ESPLUGAS,Retrat de cos sencer i de perfil de l'actriu Titanesca caracteritzada del personatge de Salomé i amb una daga en una mà alçada.,Barcelona,Titanesca (actriu),https://static.arxiusenlinia.cultura.gencat.cat/active/GANC/NOTEXTUAL/1/402/5/5644/ANC_485489_392344.jpg,ANC_485489_392344.jpg,1922
Arxiu Nacional de Catalunya,ANTONIO ESPLUGAS,Retrat de cos sencer d'una actriu que porta un mantó al voltant del cos i un barret.,Barcelona,,https://static.arxiusenlinia.cultura.gencat.cat/active/GANC/NOTEXTUAL/1/402/6/6264/ANC_486634_394134.jpg,ANC_486634_394134.jpg,1922
Arxiu Nacional de Catalunya,ANTONIO ESPLUGAS,"Retrat de cos sencer d'una actriu de sarsuela caracteritzada per a una representació, porta el cap cobert i un cistell en un braç.",Barcelona,,https://static.arxiusenlinia.cultura.gencat.cat/active/GANC/NOTEXTUAL/1/402/6/6626/ANC_483319_389184.jpg,ANC_483319_389184.jpg,1900
Arxiu Nacional de Catalunya,ANTONIO ESPLUGAS,Retrat de cos sencer d'una actriu que porta un vestit llarg amb cua.,Barcelona,,https://static.arxiusenlinia.cultura.gencat.cat/active/GANC/NOTEXTUAL/1/402/6/6641/ANC_483592_389441.jpg,ANC_483592_389441.jpg,1900
Arxiu Nacional de Catalunya,ANTONIO ESPLUGAS,"Retrat de cos sencer de l'actor Ortega, vestit per a una actuació amb una bata i ulleres i sostenint a les mans una espelma i un mocador.",Barcelona,Ortega (actor),https://static.arxiusenlinia.cultura.gencat.cat/active/GANC/NOTEXTUAL/1/402/7/7145/ANC_551273_386884.jpg,ANC_551273_386884.jpg,1895
Arxiu Nacional de Catalunya,ANTONIO ESPLUGAS,"Retrat de cos sencer d'un ballarí, company de l'artista dita Tarifeña, vestit a l'estil flamenc.",Barcelona,Tarifeña (actriu),https://static.arxiusenlinia.cultura.gencat.cat/active/GANC/NOTEXTUAL/1/402/7/7609/ANC_553517_394136.jpg,ANC_553517_394136.jpg,1905
Arxiu Nacional de Catalunya,ANTONIO ESPLUGAS,"Retrat de cos sencer de l'actor Rafael Calvo i l'actriu Antonia Contreras interpretant una escena de l'obra ""Don Álvaro o la Fuerza del Sino"" de Ángel María de Saavedra duque de Rivas que va ser representada al Teatre Principal de Barcelona a la tardor de 1885 per la companyia dirigida pel mateix Rafael Calvo.",Barcelona,"Contreras, Antonia (actriu))|Calvo, Rafael (actor)",https://static.arxiusenlinia.cultura.gencat.cat/active/GANC/NOTEXTUAL/1/402/8/8670/ANC_557425_394806.jpg,ANC_557425_394806.jpg,1885
Arxiu Nacional de Catalunya,RAFAEL AREÑAS(pare i fill),"Retrat d'estudi de Rafael AreñasTona, representant un pintor, Barcelona",Barcelona,"Areñas Tona, Rafael",https://static.arxiusenlinia.cultura.gencat.cat/active/GANC/NOTEXTUAL/1/1057/0/100/ANC_586884_377410.jpg,ANC_586884_377410.jpg,1902
Arxiu Nacional de Catalunya,RAFAEL AREÑAS(pare i fill),"Retrat d'estudi de Rafael AreñasTona disfressat, representant un pintor, Barcelona",Barcelona,"Areñas Tona, Rafael",https://static.arxiusenlinia.cultura.gencat.cat/active/GANC/NOTEXTUAL/1/1057/0/101/ANC_586885_377411.jpg,ANC_586885_377411.jpg,1902
Arxiu Nacional de Catalunya,RAFAEL AREÑAS(pare i fill),"Retrat d'estudi de Rafael AreñasTona disfressat d'una dona cega, Barcelona",Barcelona,"Areñas Tona, Rafael",https://static.arxiusenlinia.cultura.gencat.cat/active/GANC/NOTEXTUAL/1/1057/0/102/ANC_586876_377412.jpg,ANC_586876_377412.jpg,1902
Arxiu Nacional de Catalunya,RAFAEL AREÑAS(pare i fill),"Escenificació d'una broma, entre amics, a l'estudi del fotògraf Rafael AreñasTona, Barcelona",Barcelona,"Areñas Tona, Rafael",https://static.arxiusenlinia.cultura.gencat.cat/active/GANC/NOTEXTUAL/1/1057/0/103/ANC_586886_377413.jpg,ANC_586886_377413.jpg,1902
Arxiu Nacional de Catalunya,RAFAEL AREÑAS(pare i fill),"Escenificació d'una broma de dentista, entre amics, a l'estudi del fotògraf Rafael AreñasTona, Barcelona",Barcelona,,https://static.arxiusenlinia.cultura.gencat.cat/active/GANC/NOTEXTUAL/1/1057/0/104/ANC_586887_377414.jpg,ANC_586887_377414.jpg,1902
Arxiu Nacional de Catalunya,RAFAEL AREÑAS(pare i fill),"Escenificació d'una broma, entre amics, a l'estudi del fotògraf Rafael AreñasTona, Barcelona",Barcelona,,https://static.arxiusenlinia.cultura.gencat.cat/active/GANC/NOTEXTUAL/1/1057/0/105/ANC_586888_377415.jpg,ANC_586888_377415.jpg,1902
Arxiu Nacional de Catalunya,RAFAEL AREÑAS(pare i fill),"Escenificació d'una broma del fotògraf Rafael AreñasTona al seu estudi, Barcelona",Barcelona,"Areñas Tona, Rafael",https://static.arxiusenlinia.cultura.gencat.cat/active/GANC/NOTEXTUAL/1/1057/0/106/ANC_586889_377416.jpg,ANC_586889_377416.jpg,1902
Arxiu Nacional de Catalunya,RAFAEL AREÑAS(pare i fill),"Retrat d'estudi de Rafael AreñasTona disfressat de dona , Barcelona",Barcelona,"Areñas Tona, Rafael",https://static.arxiusenlinia.cultura.gencat.cat/active/GANC/NOTEXTUAL/1/1057/0/107/ANC_586890_377417.jpg,ANC_586890_377417.jpg,1902
Arxiu Nacional de Catalunya,RAFAEL AREÑAS(pare i fill),"[Autoretrat] d'estudi de Rafael AreñasTona disfressat , Barcelona",Barcelona,"Areñas Tona, Rafael",https://static.arxiusenlinia.cultura.gencat.cat/active/GANC/NOTEXTUAL/1/1057/0/108/ANC_586891_377418.jpg,ANC_586891_377418.jpg,1916
Arxiu Nacional de Catalunya,RAFAEL AREÑAS(pare i fill),"Retrat de Rafael AreñasTona, vestit de caçador a la muntanya.",,"Areñas Tona, Rafael",https://static.arxiusenlinia.cultura.gencat.cat/active/GANC/NOTEXTUAL/1/1057/0/109/ANC_586892_377419.jpg,ANC_586892_377419.jpg,1908
Arxiu Nacional de Catalunya,RAFAEL AREÑAS(pare i fill),Rafael AreñasTona amb un amic,,"Areñas Tona, Rafael",https://static.arxiusenlinia.cultura.gencat.cat/active/GANC/NOTEXTUAL/1/1057/0/110/ANC_586893_377420.jpg,ANC_586893_377420.jpg,1908
Arxiu Nacional de Catalunya,RAFAEL AREÑAS(pare i fill),"Retrat d'estudi de Rafael AreñasTona, Barcelona",Barcelona,"Areñas Tona, Rafael",https://static.arxiusenlinia.cultura.gencat.cat/active/GANC/NOTEXTUAL/1/1057/0/111/ANC_586894_377421.jpg,ANC_586894_377421.jpg,1908
Arxiu Nacional de Catalunya,RAFAEL AREÑAS(pare i fill),"Retrat d'estudi de Rafael AreñasTona, Barcelona",Barcelona,"Areñas Tona, Rafael",https://static.arxiusenlinia.cultura.gencat.cat/active/GANC/NOTEXTUAL/1/1057/0/112/ANC_586895_377422.jpg,ANC_586895_377422.jpg,1908
Arxiu Nacional de Catalunya,RAFAEL AREÑAS(pare i fill),"Retrat d'estudi de Rafael AreñasTona, Barcelona",Barcelona,"Areñas Tona, Rafael",https://static.arxiusenlinia.cultura.gencat.cat/active/GANC/NOTEXTUAL/1/1057/0/113/ANC_586896_377423.jpg,ANC_586896_377423.jpg,1918
Arxiu Nacional de Catalunya,RAFAEL AREÑAS(pare i fill),"Retrat d'estudi de Rafael AreñasTona, Barcelona",Barcelona,"Areñas Tona, Rafael",https://static.arxiusenlinia.cultura.gencat.cat/active/GANC/NOTEXTUAL/1/1057/0/114/ANC_586897_377424.jpg,ANC_586897_377424.jpg,1918
Arxiu Nacional de Catalunya,RAFAEL AREÑAS(pare i fill),"Retrat d'estudi de Rafael AreñasTona, Barcelona",Barcelona,"Areñas Tona, Rafael",https://static.arxiusenlinia.cultura.gencat.cat/active/GANC/NOTEXTUAL/1/1057/0/115/ANC_586899_377425.jpg,ANC_586899_377425.jpg,1922
Arxiu Nacional de Catalunya,RAFAEL AREÑAS(pare i fill),"Rafael AreñasTona, [escribint unes memòries de la seva trajectòria professional], al seu estudi, Barcelona",Barcelona,"Areñas Tona, Rafael",https://static.arxiusenlinia.cultura.gencat.cat/active/GANC/NOTEXTUAL/1/1057/0/116/ANC_586900_377426.jpg,ANC_586900_377426.jpg,1936
Arxiu Nacional de Catalunya,RAFAEL AREÑAS(pare i fill),"Retrat de Margarita Quintana, dona del fotògraf Rafael AreñasTona, Barcelona",Barcelona,"Quintana Garau, Margarita",https://static.arxiusenlinia.cultura.gencat.cat/active/GANC/NOTEXTUAL/1/1057/0/118/586902_377428.jpg,586902_377428.jpg,1908
Arxiu Nacional de Catalunya,RAFAEL AREÑAS(pare i fill),"Retrat de Margarita Quintana, dona del fotògraf Rafael AreñasTona, Barcelona.",Barcelona,"Quintana Garau, Margarita",https://static.arxiusenlinia.cultura.gencat.cat/active/GANC/NOTEXTUAL/1/1057/0/119/586903_377429.jpg,586903_377429.jpg,1908
Arxiu Nacional de Catalunya,RAFAEL AREÑAS(pare i fill),"Retrat de Margarita Quintana, dona del fotògraf Rafael AreñasTona, Barcelona.",Barcelona,"Quintana Garau, Margarita",https://static.arxiusenlinia.cultura.gencat.cat/active/GANC/NOTEXTUAL/1/1057/0/120/586904_377430.jpg,586904_377430.jpg,1908
Arxiu Nacional de Catalunya,RAFAEL AREÑAS(pare i fill),"Retrat de Margarita Quintana, dona del fotògraf Rafael AreñasTona, Barcelona.",Barcelona,"Quintana Garau, Margarita",https://static.arxiusenlinia.cultura.gencat.cat/active/GANC/NOTEXTUAL/1/1057/0/121/586901_377431.jpg,586901_377431.jpg,1908
Arxiu Nacional de Catalunya,RAFAEL AREÑAS(pare i fill),"Retrat de Margarita Quintana, dona del fotògraf Rafael AreñasTona, Barcelona.",Barcelona,"Quintana Garau, Margarita",https://static.arxiusenlinia.cultura.gencat.cat/active/GANC/NOTEXTUAL/1/1057/0/122/586906_377432.jpg,586906_377432.jpg,1908
Arxiu Nacional de Catalunya,RAFAEL AREÑAS(pare i fill),"Retrat de Margarita Quintana, dona del fotògraf Rafael AreñasTona, Barcelona.",Barcelona,"Quintana Garau, Margarita",https://static.arxiusenlinia.cultura.gencat.cat/active/GANC/NOTEXTUAL/1/1057/0/123/586908_377433.jpg,586908_377433.jpg,1912
Arxiu Nacional de Catalunya,RAFAEL AREÑAS(pare i fill),"Retrat de Margarita Quintana, dona del fotògraf Rafael AreñasTona, Barcelona.",Barcelona,"Quintana Garau, Margarita",https://static.arxiusenlinia.cultura.gencat.cat/active/GANC/NOTEXTUAL/1/1057/0/124/586907_377434.jpg,586907_377434.jpg,1908
Arxiu Nacional de Catalunya,RAFAEL AREÑAS(pare i fill),"Retrat de Margarita Quintana, dona del fotògraf Rafael AreñasTona, Barcelona.",Barcelona,"Quintana Garau, Margarita",https://static.arxiusenlinia.cultura.gencat.cat/active/GANC/NOTEXTUAL/1/1057/0/125/586905_377435.jpg,586905_377435.jpg,1912
Arxiu Nacional de Catalunya,RAFAEL AREÑAS(pare i fill),"Retrat d'estudi de Margarita Quintana, dona del fotògraf Rafael AreñasTona, vestida de nuvia, Barcelona",Barcelona,"Quintana Garau, Margarita",https://static.arxiusenlinia.cultura.gencat.cat/active/GANC/NOTEXTUAL/1/1057/0/126/586909_377436.jpg,586909_377436.jpg,1912
Arxiu Nacional de Catalunya,RAFAEL AREÑAS(pare i fill),"Retrat de Rafael Areñas Tona i  Margarita Quintana, el dia del seu casament, Barcelona",Barcelona,"Areñas Tona, Rafael|Quintana Garau, Margarita",https://static.arxiusenlinia.cultura.gencat.cat/active/GANC/NOTEXTUAL/1/1057/0/127/ANC_586910_377437.jpg,ANC_586910_377437.jpg,1912
Arxiu Nacional de Catalunya,RAFAEL AREÑAS(pare i fill),"Retrat de Rafael Areñas Tona i  Margarita Quintana, Barcelona",Barcelona,"Areñas Tona, Rafael|Quintana Garau, Margarita",https://static.arxiusenlinia.cultura.gencat.cat/active/GANC/NOTEXTUAL/1/1057/0/128/ANC_586911_377438.jpg,ANC_586911_377438.jpg,1912
Arxiu Nacional de Catalunya,RAFAEL AREÑAS(pare i fill),"Rafael Areñas Tona i  Margarita Quintana amb familiars, Barcelona",Barcelona,"Areñas Tona, Rafael|Quintana Garau, Margarita",https://static.arxiusenlinia.cultura.gencat.cat/active/GANC/NOTEXTUAL/1/1057/0/129/ANC_586912_377439.jpg,ANC_586912_377439.jpg,1912
Arxiu Nacional de Catalunya,RAFAEL AREÑAS(pare i fill),"Rafael Areñas Tona i  Margarita Quintana amb familiars, entre els quals hi ha Maria Tona, mare de Rafael, Barcelona",Barcelona,"Areñas Tona, Rafael|Tona Tarruell, Maria|Quintana Garau, Margarita",https://static.arxiusenlinia.cultura.gencat.cat/active/GANC/NOTEXTUAL/1/1057/0/130/586913_377440.jpg,586913_377440.jpg,1912
Arxiu Nacional de Catalunya,RAFAEL AREÑAS(pare i fill),"Retrat d'estudi de Rafael Areñas Tona amb la seva dona Margarita Quintana, i  les seves filles Maria i Magdalena, Barcelona",Barcelona,"Areñas Tona, Rafael|Quintana Garau, Margarita|Areñas Quintana, Magdalena|Areñas Quintana, María",https://static.arxiusenlinia.cultura.gencat.cat/active/GANC/NOTEXTUAL/1/1057/0/138/587023_377448.jpg,587023_377448.jpg,1914
Arxiu Nacional de Catalunya,RAFAEL AREÑAS(pare i fill),"Retrat d'estudi de Rafael Areñas Tona amb la seva dona, Margarita Quintana, i  les seves filles Maria i Magdalena, Barcelona",Barcelona,"Areñas Tona, Rafael|Quintana Garau, Margarita|Areñas Quintana, Magdalena|Areñas Quintana, María",https://static.arxiusenlinia.cultura.gencat.cat/active/GANC/NOTEXTUAL/1/1057/0/139/ANC_587024_377449.jpg,ANC_587024_377449.jpg,1914
Arxiu Nacional de Catalunya,RAFAEL AREÑAS(pare i fill),"Retrat d'estudi d'una filla de  Rafael Areñas Tona i Margarita Quintana, als tretze mesos, Barrcelona",Barcelona,"Areñas Quintana, Magdalena|Areñas Quintana, María|Areñas Quintana, Margarita",https://static.arxiusenlinia.cultura.gencat.cat/active/GANC/NOTEXTUAL/1/1057/0/140/ANC_586921_377450.jpg,ANC_586921_377450.jpg,1915
Arxiu Nacional de Catalunya,RAFAEL AREÑAS(pare i fill),"Retrat d'estudi d'una filla de  Rafael Areñas Tona i Margarita Quintana, Barrcelona",Barcelona,"Areñas Quintana, Magdalena|Areñas Quintana, María|Areñas Quintana, Margarita",https://static.arxiusenlinia.cultura.gencat.cat/active/GANC/NOTEXTUAL/1/1057/0/141/ANC_586922_377451.jpg,ANC_586922_377451.jpg,1915
Arxiu Nacional de Catalunya,RAFAEL AREÑAS(pare i fill),"Retrat d'estudi d'una filla de  Rafael Areñas Tona i Margarita Quintana, Barrcelona",Barcelona,"Areñas Quintana, Magdalena|Areñas Quintana, María|Areñas Quintana, Margarita",https://static.arxiusenlinia.cultura.gencat.cat/active/GANC/NOTEXTUAL/1/1057/0/142/ANC_586923_377452.jpg,ANC_586923_377452.jpg,1915
Arxiu Nacional de Catalunya,RAFAEL AREÑAS(pare i fill),"Retrat d'estudi d'una filla de  Rafael Areñas Tona i Margarita Quintana, Barrcelona",Barcelona,"Areñas Quintana, Magdalena|Areñas Quintana, María|Areñas Quintana, Margarita",https://static.arxiusenlinia.cultura.gencat.cat/active/GANC/NOTEXTUAL/1/1057/0/143/ANC_586925_377453.jpg,ANC_586925_377453.jpg,1915
Arxiu Nacional de Catalunya,RAFAEL AREÑAS(pare i fill),"Retrat d'estudi de [Margarita Quintana], dona de  Rafael Areñas, amb una de les seves filles, Barcelona",Barcelona,"Quintana Garau, Margarita|Areñas Quintana, Magdalena|Areñas Quintana, María|Areñas Quintana, Margarita",https://static.arxiusenlinia.cultura.gencat.cat/active/GANC/NOTEXTUAL/1/1057/0/144/586924_377454.jpg,586924_377454.jpg,1915
Arxiu Nacional de Catalunya,RAFAEL AREÑAS(pare i fill),"Margarita Quintana, dona de Rafael Areñas, amb les seves filles Maria i Magdalena i amb l'avia paterna Maria Tona, en la celebració familiar del Diumenge de Rams, Barrcelona",Barcelona,"Tona Tarruell, Maria|Quintana Garau, Margarita|Areñas Quintana, Magdalena|Areñas Quintana, María",https://static.arxiusenlinia.cultura.gencat.cat/active/GANC/NOTEXTUAL/1/1057/0/145/586926_377455.jpg,586926_377455.jpg,1914
Arxiu Nacional de Catalunya,RAFAEL AREÑAS(pare i fill),"Margarita Quintana, dona de Rafael Areñas, amb les seves filles Maria i Magdalena i amb l'avia paterna Maria Tona, en la celebració familiar del Diumenge de Rams, Barcelona",Barcelona,"Tona Tarruell, Maria|Quintana Garau, Margarita|Areñas Quintana, Magdalena|Areñas Quintana, María",https://static.arxiusenlinia.cultura.gencat.cat/active/GANC/NOTEXTUAL/1/1057/0/146/586928_377456.jpg,586928_377456.jpg,1914
Arxiu Nacional de Catalunya,RAFAEL AREÑAS(pare i fill),"Margarita Quintana, dona de Rafael Areñas, amb les seves filles Maria i Magdalena i amb l'avia paterna Maria Tona, en la celebració familiar del Diumenge de Rams, Barcelona.",Barcelona,"Tona Tarruell, Maria|Quintana Garau, Margarita|Areñas Quintana, Magdalena|Areñas Quintana, María",https://static.arxiusenlinia.cultura.gencat.cat/active/GANC/NOTEXTUAL/1/1057/0/147/586929_377457.jpg,586929_377457.jpg,1914
Arxiu Nacional de Catalunya,RAFAEL AREÑAS(pare i fill),"Margarita Quintana, dona de Rafael Areñas, amb les seves filles Maria i Magdalena , en la celebració familiar del Diumenge de Rams, Barcelona.",Barcelona,"Quintana Garau, Margarita|Areñas Quintana, Magdalena|Areñas Quintana, María",https://static.arxiusenlinia.cultura.gencat.cat/active/GANC/NOTEXTUAL/1/1057/0/149/586930_377459.jpg,586930_377459.jpg,1914
Arxiu Nacional de Catalunya,RAFAEL AREÑAS(pare i fill),"Retrat de Rafael Areñas amb les seves filles Maria i Magdalena, en la celebració familiar del Diumenge de Rams, Barrcelona",Barcelona,"Areñas Tona, Rafael|Areñas Quintana, Magdalena|Areñas Quintana, María",https://static.arxiusenlinia.cultura.gencat.cat/active/GANC/NOTEXTUAL/1/1057/0/150/ANC_586931_377460.jpg,ANC_586931_377460.jpg,1914
Arxiu Nacional de Catalunya,RAFAEL AREÑAS(pare i fill),"Retrat d'estudi d'Antonio Quintana Ripoll, sogre de Rafael Areñas, Barcelona",Barcelona,"Quintana Ripoll, Antonio",https://static.arxiusenlinia.cultura.gencat.cat/active/GANC/NOTEXTUAL/1/1057/0/198/ANC_586977_377508.jpg,ANC_586977_377508.jpg,1926
Arxiu Nacional de Catalunya,RAFAEL AREÑAS(pare i fill),"Retrat de Maria Tona, mare de Rafael Areñas",Barcelona,"Tona Tarruell, Maria",https://static.arxiusenlinia.cultura.gencat.cat/active/GANC/NOTEXTUAL/1/1057/0/199/ANC_586978_377509.jpg,ANC_586978_377509.jpg,1913
Arxiu Nacional de Catalunya,RAFAEL AREÑAS(pare i fill),Retrat de Maria Tona amb el seu fill Rafael Areñas,Barcelona,"Areñas Tona, Rafael|Tona Tarruell, Maria",https://static.arxiusenlinia.cultura.gencat.cat/active/GANC/NOTEXTUAL/1/1057/0/200/ANC_587027_377510.jpg,ANC_587027_377510.jpg,1913
Arxiu Nacional de Catalunya,RAFAEL AREÑAS(pare i fill),"Retrat de Margarita Quintana, dona de Rafael Areñas, fent mitja.",,"Quintana Garau, Margarita",https://static.arxiusenlinia.cultura.gencat.cat/active/GANC/NOTEXTUAL/1/1057/0/201/ANC_587028_377511.jpg,ANC_587028_377511.jpg,1932
Arxiu Nacional de Catalunya,RAFAEL AREÑAS(pare i fill),"Retrat d'una dona retocant un retrat fotogràfic a l'estudi de  Rafael Areñas, Barcelona",Barcelona,,https://static.arxiusenlinia.cultura.gencat.cat/active/GANC/NOTEXTUAL/1/1057/0/202/ANC_586979_377512.jpg,ANC_586979_377512.jpg,1925
Arxiu Nacional de Catalunya,RAFAEL AREÑAS(pare i fill),"Exposició de Rafael Areñas a les Galeries Fayans Català, Barcelona.",Barcelona,"Areñas Tona, Rafael",https://static.arxiusenlinia.cultura.gencat.cat/active/GANC/NOTEXTUAL/1/1057/0/211/ANC_586988_377521.jpg,ANC_586988_377521.jpg,1914
Arxiu Nacional de Catalunya,RAFAEL AREÑAS(pare i fill),"Retrat d'estudi de Rafael Areñas i Margarita Quintana el dia del seu casament, Barcelona.",Barcelona,"Areñas Tona, Rafael|Quintana Garau, Margarita",https://static.arxiusenlinia.cultura.gencat.cat/active/GANC/NOTEXTUAL/1/1057/0/217/ANC_586994_377527.jpg,ANC_586994_377527.jpg,1911
Arxiu Nacional de Catalunya,RAFAEL AREÑAS(pare i fill),"Retrat d'estudi de María Tona, mare de Rafael Areñas, Barcelona.",Barcelona,"Tona Tarruell, Maria",https://static.arxiusenlinia.cultura.gencat.cat/active/GANC/NOTEXTUAL/1/1057/0/218/ANC_586995_377528.jpg,ANC_586995_377528.jpg,1912
Arxiu Nacional de Catalunya,RAFAEL AREÑAS(pare i fill),"Retrat d'estudi de [Margarita Quintana], dona de Rafael Areñas, Barcelona.",Barcelona,"Quintana Garau, Margarita",https://static.arxiusenlinia.cultura.gencat.cat/active/GANC/NOTEXTUAL/1/1057/0/220/ANC_586997_377530.jpg,ANC_586997_377530.jpg,1895
Arxiu Nacional de Catalunya,RAFAEL AREÑAS(pare i fill),"Retrat d'estudi de [Margarita Quintana], dona de Rafael Areñas, Barcelona.",Barcelona,"Quintana Garau, Margarita",https://static.arxiusenlinia.cultura.gencat.cat/active/GANC/NOTEXTUAL/1/1057/0/221/ANC_587018_377531.jpg,ANC_587018_377531.jpg,1895
Arxiu Nacional de Catalunya,RAFAEL AREÑAS(pare i fill),Retrat de familiars o amics de Rafael Areñas.,,"Quintana Garau, Margarita|Quintana Ripoll, Antonio",https://static.arxiusenlinia.cultura.gencat.cat/active/GANC/NOTEXTUAL/1/1057/0/222/586986_377532.jpg,586986_377532.jpg,1905
Arxiu Nacional de Catalunya,RAFAEL AREÑAS(pare i fill),"Retrat d'estudi del nen Rafael Areñas Tona, Barcelona",Barcelona,"Areñas Tona, Rafael",https://static.arxiusenlinia.cultura.gencat.cat/active/GANC/NOTEXTUAL/1/1057/0/83/ANC_586869_377393.jpg,ANC_586869_377393.jpg,1888
Arxiu Nacional de Catalunya,RAFAEL AREÑAS(pare i fill),"Retrat d'estudi del nen  Rafael Areñas Tona, amb un gos, Barcelona",Barcelona,"Areñas Tona, Rafael",https://static.arxiusenlinia.cultura.gencat.cat/active/GANC/NOTEXTUAL/1/1057/0/84/ANC_586870_377394.jpg,ANC_586870_377394.jpg,1890
Arxiu Nacional de Catalunya,RAFAEL AREÑAS(pare i fill),"Retrat d'estudi de Maria Tona, dona del fotògraf Rafael Areñas, Barcelona",Barcelona,"Tona Tarruell, Maria",https://static.arxiusenlinia.cultura.gencat.cat/active/GANC/NOTEXTUAL/1/1057/0/85/ANC_586871_377395.jpg,ANC_586871_377395.jpg,1882
Arxiu Nacional de Catalunya,RAFAEL AREÑAS(pare i fill),"Retrat d'estudi de Maria Tona, dona del fotògraf Rafael Areñas, Barcelona",Barcelona,"Tona Tarruell, Maria",https://static.arxiusenlinia.cultura.gencat.cat/active/GANC/NOTEXTUAL/1/1057/0/86/ANC_586868_377396.jpg,ANC_586868_377396.jpg,1890
Arxiu Nacional de Catalunya,RAFAEL AREÑAS(pare i fill),"[Autoretrat] d'estudi del fotògraf Rafael Areñas Miret, Barcelona",Barcelona,"Areñas Miret, Rafael",https://static.arxiusenlinia.cultura.gencat.cat/active/GANC/NOTEXTUAL/1/1057/0/87/ANC_587021_377397.jpg,ANC_587021_377397.jpg,1875
Arxiu Nacional de Catalunya,RAFAEL AREÑAS(pare i fill),"[Autoretrat] d'estudi del fotògraf Rafael Areñas Miret, Barcelona",Barcelona,"Areñas Miret, Rafael",https://static.arxiusenlinia.cultura.gencat.cat/active/GANC/NOTEXTUAL/1/1057/0/88/ANC_587022_377398.jpg,ANC_587022_377398.jpg,1875
Arxiu Nacional de Catalunya,RAFAEL AREÑAS(pare i fill),"Retrat d'estudi del nen Rafael Areñas Tona, amb la seva mare i un altre dona, Barcelona",,"Areñas Tona, Rafael|Tona Tarruell, Maria",https://static.arxiusenlinia.cultura.gencat.cat/active/GANC/NOTEXTUAL/1/1057/0/96/ANC_586880_377406.jpg,ANC_586880_377406.jpg,1892
Arxiu Nacional de Catalunya,RAFAEL AREÑAS(pare i fill),"Retrat d'estudi del nen Rafael Areñas Tona, Barcelona",,,https://static.arxiusenlinia.cultura.gencat.cat/active/GANC/NOTEXTUAL/1/1057/0/97/ANC_586881_377407.jpg,ANC_586881_377407.jpg,1891
Arxiu Nacional de Catalunya,RAFAEL AREÑAS(pare i fill),"Retrat d'estudi del noi Rafael Areñas Tona, Barcelona",,,https://static.arxiusenlinia.cultura.gencat.cat/active/GANC/NOTEXTUAL/1/1057/0/98/ANC_586882_377408.jpg,ANC_586882_377408.jpg,1897
Arxiu Nacional de Catalunya,RAFAEL AREÑAS(pare i fill),"Retrat d'estudi de Rafael Areñas Tona, Barcelona",,,https://static.arxiusenlinia.cultura.gencat.cat/active/GANC/NOTEXTUAL/1/1057/0/99/ANC_586883_377409.jpg,ANC_586883_377409.jpg,1897
Arxiu Nacional de Catalunya,FOTO-PIC (Arxiu Pere Català),"Reproducció de dues fotografies, una de Rafael Areñas, del literat i polític Guerau de Liost, dit Jaume Bofill i Mates.",,"Bofill i Mates, Jaume (""Guerau de Liost"", Olot, 1878 - Barcelona, 1933)","https://static.arxiusenlinia.cultura.gencat.cat/active/GANC/NOTEXTUAL/1/1236/9/9513/ANC_1071847_909513,0001.jpg","ANC_1071847_909513,0001.jpg",1923
Arxiu Nacional de Catalunya,FOTO-PIC (Arxiu Pere Català),"Reproducció de dues fotografies, una de Rafael Areñas, del literat i polític Guerau de Liost, dit Jaume Bofill i Mates.",,"Bofill i Mates, Jaume (""Guerau de Liost"", Olot, 1878 - Barcelona, 1933)","https://static.arxiusenlinia.cultura.gencat.cat/active/GANC/NOTEXTUAL/1/1236/9/9513/ANC_1071847_909513,0002.jpg","ANC_1071847_909513,0002.jpg",1923
Arxiu Nacional de Catalunya,FOTO-PIC (Arxiu Pere Català),Reproducció d'un retrat de l'actor Lleó Fontova i Mareca per Rafael Areñas.,,"Fontova i Mareca, Lleó",https://static.arxiusenlinia.cultura.gencat.cat/active/GANC/NOTEXTUAL/1/1236/9/9844/ANC_1072177_909844.jpg,ANC_1072177_909844.jpg,1926
Arxiu Nacional de Catalunya,"COMPAÑÍA GENERAL DE TABACOS DE FILIPINAS, S.A.","Retrat d'un grup de treballadors de la fàbrica de tabac ""la Flor de la Isabela"", posant al pati de l'esmentada fàbrica al predi de San Marcelino. A l'àlbum una nota manuscrita diu: ""Fábrica La Flor de la Isabela"". 1- Paulino Pomar. 2- Francisco Solá. 3- Ramón Irureta Gorjena. 4- Fernando Montaño. 5- José G. Menéndez. 6- Antonio Martín. 7- Indalecio Gil. 8- José Fernández. 9- Manuel Caberas. 10- Ángel Suárez. 11-Antonio Sánchez. 12-Domingo Santa Eulalia. 13-Martín Alamo. 14-Carlos Cavero. 15-Marcelino Álamo. 16-Evaristo González. 17-José María de Ubago. 18- José Gómez. 19-Gerónimo García. 20- Agapito Cañibano""",Manila (San Marcelino)|Filipines,"Flor de la Isabela, La (fàbrica)",https://static.arxiusenlinia.cultura.gencat.cat/active/GANC/NOTEXTUAL/1/138/2/2470/ANC_92778_311821.jpg,ANC_92778_311821.jpg,1903
Arxiu Comarcal Alt Penedès,Arxiu Fotogràfic de l'Ajuntament de Vilafranca del Penedès,"Fotografia de Maria Morera i Franco amb personalitats a l'interior d'una església. Hi ha una dedicatòria: ""Barcelona, 18 gener 1931. Maria Morera"".",Barcelonès|Barcelona,,https://static.arxiusenlinia.cultura.gencat.cat/active/GIAC/NOTEXTUAL/20/1001/0/154/ACAP_794667_020100130000154.jpg,ACAP_794667_020100130000154.jpg,1931
Arxiu Nacional de Catalunya,BRANGULÍ (FOTÒGRAFS),"Antoni Martínez, alcalde accidental de Barcelona, en l'homenatge a l'actriu Maria Morera amb l'acte d'imposar-li la medalla del treball i lliurar-li un pergamí. Saló Reina Victòria de l'Ajuntament de Barcelona. Els hi acompanya Apel·les Mestres, entre altres personalitats.",Barcelona,"Ajuntament de Barcelona|Mestres i Oñós, Apel·les|Martínez i Domingo, Antoni, 1867-1942|Morera i Franco, Maria (actriu)",https://static.arxiusenlinia.cultura.gencat.cat/active/GANC/NOTEXTUAL/1/42/19/19543/131911_133880.jpg,131911_133880.jpg,1931
Arxiu Nacional de Catalunya,BRANGULÍ (FOTÒGRAFS),"Retrat de l'actriu Maria Morera en l'aperitiu celebrat en el seu homenatge en el que ha rebut la medalla del treball, Barcelona. L'acompanyen les artistes de la companyia i Apel·les Mestres, entre altres personalitats. Restaurant del Parc, Barcelona.",Barcelona,"Mestres i Oñós, Apel·les|Morera i Franco, Maria (actriu)|Restaurant del Parc",https://static.arxiusenlinia.cultura.gencat.cat/active/GANC/NOTEXTUAL/1/42/19/19544/ANC_131912_133881.jpg,ANC_131912_133881.jpg,1931
Arxiu Nacional de Catalunya,BRANGULÍ (FOTÒGRAFS),"L'actriu Maria Morera diposita, en acció de gràcies, el ram de flors que li han lliurat en el seu homenatge. Capella de Sant Jordi de la Catedral de Barcelona. L'acompanya Apel·les Mestres i Antoni Martínez, alcalde accidental de Barcelona.",Barcelona,"Mestres i Oñós, Apel·les|Catedral de Barcelona|Martínez i Domingo, Antoni, 1867-1942|Morera i Franco, Maria (actriu)",https://static.arxiusenlinia.cultura.gencat.cat/active/GANC/NOTEXTUAL/1/42/19/19545/131913_133882.jpg,131913_133882.jpg,1931
Arxiu Nacional de Catalunya,BRANGULÍ (FOTÒGRAFS),"Retrat de l'actriu Maria Morera amb el ram de flors que li han lliurat en el seu homenatge, Barcelona.",Barcelona,"Morera i Franco, Maria (actriu)",https://static.arxiusenlinia.cultura.gencat.cat/active/GANC/NOTEXTUAL/1/42/19/19546/131914_133883.jpg,131914_133883.jpg,1931
Arxiu Nacional de Catalunya,BRANGULÍ (FOTÒGRAFS),"L'actriu Maria Morera en l'acte de rebre la medalla del treball dins del seu homentage. Ajuntament de Barcelona. Li acompanya Antoni Martínez, alcalde accidental de Barcelona, i Apel·les Mestres.",Barcelona,"Ajuntament de Barcelona|Mestres i Oñós, Apel·les|Martínez i Domingo, Antoni, 1867-1942|Morera i Franco, Maria (actriu)",https://static.arxiusenlinia.cultura.gencat.cat/active/GANC/NOTEXTUAL/1/42/19/19547/131915_133884.jpg,131915_133884.jpg,1931
Arxiu Nacional de Catalunya,BRANGULÍ (FOTÒGRAFS),"Retrat de l'actriu Maria Morera amb el ram que li han lliurat en el seu homenatge, Barcelona.",Barcelona,"Morera i Franco, Maria (actriu)",https://static.arxiusenlinia.cultura.gencat.cat/active/GANC/NOTEXTUAL/1/42/19/19548/131916_133885.jpg,131916_133885.jpg,1931
Arxiu Nacional de Catalunya,GABRIEL CASAS i GALOBARDES,Les actrius Maria Vila i Maria Morera durant la representació d'una obra de teatre.,,"Vila i Panadès, Maria (actriu)|Morera i Franco, Maria (actriu)|Companyia Vila-Daví",https://static.arxiusenlinia.cultura.gencat.cat/active/GANC/NOTEXTUAL/1/5/1/1865/ANC_156018_157152.jpg,ANC_156018_157152.jpg,1928
Arxiu Nacional de Catalunya,GABRIEL CASAS i GALOBARDES,"Escena d'una representació de teatre a càrrec de la companyia Vila-Daví. En el centre, amb un ram de flors, Maria Vila amb [Pius Daví]. A l'esquerra, asseguda, Maria Morera.",,"Vila i Panadès, Maria (actriu)|Morera i Franco, Maria (actriu)|Daví i Segalés, Pius (actor)|Companyia Vila-Daví",https://static.arxiusenlinia.cultura.gencat.cat/active/GANC/NOTEXTUAL/1/5/1/1868/ANC_156021_157155.jpg,ANC_156021_157155.jpg,1928
Arxiu Nacional de Catalunya,GABRIEL CASAS i GALOBARDES,Escena d'una obra de teatre. [La tercera per la dreta és l'actriu Maria Morera],,"Morera i Franco, Maria (actriu)",https://static.arxiusenlinia.cultura.gencat.cat/active/GANC/NOTEXTUAL/1/5/1/1893/ANC_156046_157180.jpg,ANC_156046_157180.jpg,1934
Arxiu Nacional de Catalunya,GABRIEL CASAS i GALOBARDES,"Retrat d'un grup d'actors i actrius de teatre. La primera per la dreta, asseguda, és Maria Morera.",,"Morera i Franco, Maria (actriu)",https://static.arxiusenlinia.cultura.gencat.cat/active/GANC/NOTEXTUAL/1/5/1/1903/ANC_156056_157190.jpg,ANC_156056_157190.jpg,1934
Arxiu Nacional de Catalunya,GABRIEL CASAS i GALOBARDES,"Diverses persones dretes al voltant d'una taula on hi ha el text d'una obra de teatre, durant un assaig. En el centre, l'actriu Maria Morera.",,"Morera i Franco, Maria (actriu)",https://static.arxiusenlinia.cultura.gencat.cat/active/GANC/NOTEXTUAL/1/5/1/1904/ANC_156057_157191.jpg,ANC_156057_157191.jpg,1930
Arxiu Nacional de Catalunya,GABRIEL CASAS i GALOBARDES,"Diversos actors asseguts al voltant d'una taula llegeixen el text d'una obra de teatre, durant un assaig sobre l'escenari d'un teatre. La quarta per l'esquerra és l'actriu Maria Morera.",,"Morera i Franco, Maria (actriu)",https://static.arxiusenlinia.cultura.gencat.cat/active/GANC/NOTEXTUAL/1/5/1/1905/ANC_156058_157192.jpg,ANC_156058_157192.jpg,1934
Arxiu Nacional de Catalunya,GABRIEL CASAS i GALOBARDES,"Escena d'una representació de teatre a càrrec de la companyia Vila-Daví. El primer per la dreta és l'actor Pius Daví i la tercera, Maria Morera.",,"Morera i Franco, Maria (actriu)|Daví i Segalés, Pius (actor)|Companyia Vila-Daví",https://static.arxiusenlinia.cultura.gencat.cat/active/GANC/NOTEXTUAL/1/5/1/1937/ANC_156090_157224.jpg,ANC_156090_157224.jpg,1934
Arxiu Nacional de Catalunya,GABRIEL CASAS i GALOBARDES,"Representació de l'obra de teatre ""Senyora àvia vol marit"" de Josep Pous i Pagès, al Teatre Català, a Barcelona, a càrrec de la companyia Vila-Daví. La tercera per l'esquerra, asseguda, és l'actriu Maria Morera. L'actor Pius Daví, de peu dret, observa una partida d'escacs.",Barcelona,"Teatre Romea|Pous i Pagès, Josep|Morera i Franco, Maria (actriu)|Daví i Segalés, Pius (actor)|Companyia Vila-Daví",https://static.arxiusenlinia.cultura.gencat.cat/active/GANC/NOTEXTUAL/1/5/1/1939/ANC_156092_157226.jpg,ANC_156092_157226.jpg,1938
Arxiu Nacional de Catalunya,GABRIEL CASAS i GALOBARDES,"Escena d'una representació de teatre a càrrec de la companyia Vila-Daví. En el centre, l'actriu Maria Morera. El quart per l'esquerra, de peu dret i amb bastó, és l'actor Pius Daví.",,"Morera i Franco, Maria (actriu)|Daví i Segalés, Pius (actor)|Companyia Vila-Daví",https://static.arxiusenlinia.cultura.gencat.cat/active/GANC/NOTEXTUAL/1/5/1/1940/ANC_156093_157227.jpg,ANC_156093_157227.jpg,1934
Arxiu Nacional de Catalunya,GABRIEL CASAS i GALOBARDES,Cinc actors durant la representació d'una obra de teatre. La primera per la dreta és Maria Morera.,,"Morera i Franco, Maria (actriu)",https://static.arxiusenlinia.cultura.gencat.cat/active/GANC/NOTEXTUAL/1/5/1/1947/ANC_156100_157234.jpg,ANC_156100_157234.jpg,1934
Arxiu Nacional de Catalunya,GABRIEL CASAS i GALOBARDES,"Actors i actrius durant l'assaig d'una obra de teatre sobre l'escenari del Teatre Novetats de Barcelona. El director del teatre, Carles Capdevila, a la dreta mig ajupit, dóna consells a un actor. Dins del coverol es veu l'apuntador. A l'esquerra, asseguda en un sofa, l'actriu Maria Morera.",Barcelona,"Teatro Novedades|Morera i Franco, Maria (actriu)|Capdevila i Recasens, Carles",https://static.arxiusenlinia.cultura.gencat.cat/active/GANC/NOTEXTUAL/1/5/1/1952/ANC_156105_157239.jpg,ANC_156105_157239.jpg,1930
Arxiu Nacional de Catalunya,GABRIEL CASAS i GALOBARDES,"Actors i actrius durant l'assaig d'una obra de teatre sobre l'escenari del Teatre Novetats de Barcelona. El director del teatre, Carles Capdevila, al fons a la dreta, s'adreça als actors. En el centre, asseguda en una cadira, l'actriu Maria Morera.",Barcelona,"Teatro Novedades|Morera i Franco, Maria (actriu)|Capdevila i Recasens, Carles",https://static.arxiusenlinia.cultura.gencat.cat/active/GANC/NOTEXTUAL/1/5/1/1953/ANC_156106_157240.jpg,ANC_156106_157240.jpg,1930
Arxiu Nacional de Catalunya,GABRIEL CASAS i GALOBARDES,L'actriu Maria Morera amb una altra actriu [al Teatre Novetats de Barcelona].,Barcelona,"Teatro Novedades|Morera i Franco, Maria (actriu)",https://static.arxiusenlinia.cultura.gencat.cat/active/GANC/NOTEXTUAL/1/5/1/1959/ANC_156112_157246.jpg,ANC_156112_157246.jpg,1934
Arxiu Nacional de Catalunya,GABRIEL CASAS i GALOBARDES,"L'escriptor Josep Maria de Sagarra en l'escenari d'un teatre en companyia de cinc actors amb motiu de l'estrena de l'obra ""La Corona d'espines"". Asseguda, de perfil, l'actriu Maria Morera.",Barcelona,"Sagarra i de Castellarnau, Josep Maria de, 1894-1961|Morera i Franco, Maria (actriu)",https://static.arxiusenlinia.cultura.gencat.cat/active/GANC/NOTEXTUAL/1/5/1/1965/ANC_156118_157252.jpg,ANC_156118_157252.jpg,1930
Arxiu Nacional de Catalunya,GABRIEL CASAS i GALOBARDES,Quatre actors durant la representació d'una obra de teatre de Josep Maria de Sagarra. La segona per l'esquerra és l'actriu Maria Morera.,Barcelona,"Sagarra i de Castellarnau, Josep Maria de, 1894-1961|Morera i Franco, Maria (actriu)",https://static.arxiusenlinia.cultura.gencat.cat/active/GANC/NOTEXTUAL/1/5/1/1966/ANC_156119_157253.jpg,ANC_156119_157253.jpg,1934
Arxiu Nacional de Catalunya,GABRIEL CASAS i GALOBARDES,"Assaig de l'obra de teatre [""El Cafè de la Marina"" de Josep Maria de Sagarra]. L'escena reprodueix un bar amb ambient mariner. L'actriu Maria Morera apareix dreta davant del taulell.",Barcelona,"Sagarra i de Castellarnau, Josep Maria de, 1894-1961|Morera i Franco, Maria (actriu)",https://static.arxiusenlinia.cultura.gencat.cat/active/GANC/NOTEXTUAL/1/5/1/1967/ANC_156120_157254.jpg,ANC_156120_157254.jpg,1936
Arxiu Nacional de Catalunya,GABRIEL CASAS i GALOBARDES,"Assaig de l'obra de teatre ""Marius"", obra de Marcel Pagnol traduïda per Josep Maria de Sagarra, al teatre Novetats, a Barcelona. L'escena reprodueix un bar amb ambient mariner. L'actriu Maria Morera apareix asseguda en el centre.",Barcelona,"Sagarra i de Castellarnau, Josep Maria de, 1894-1961|Teatro Novedades|Morera i Franco, Maria (actriu)",https://static.arxiusenlinia.cultura.gencat.cat/active/GANC/NOTEXTUAL/1/5/1/1968/ANC_156121_157255.jpg,ANC_156121_157255.jpg,1931
Arxiu Nacional de Catalunya,GABRIEL CASAS i GALOBARDES,"L'actriu Maria Morera, amb un ram de flors, asseguda entre dues persones.",Barcelona,"Morera i Franco, Maria (actriu)",https://static.arxiusenlinia.cultura.gencat.cat/active/GANC/NOTEXTUAL/1/5/1/1970/ANC_156123_157257.jpg,ANC_156123_157257.jpg,1934
Arxiu Nacional de Catalunya,GABRIEL CASAS i GALOBARDES,"Grup d'actors de teatre. En el centre, asseguda, l'actriu Maria Morera.",Barcelona,"Morera i Franco, Maria (actriu)",https://static.arxiusenlinia.cultura.gencat.cat/active/GANC/NOTEXTUAL/1/5/1/1972/ANC_156125_157259.jpg,ANC_156125_157259.jpg,1934
Arxiu Nacional de Catalunya,GABRIEL CASAS i GALOBARDES,"Diversos actors caracteritzats en l'escenari d'un teatre durant la representació d'una obra de teatre. La tercera per l'esquerra, l'actriu Maria Morera.",,"Morera i Franco, Maria (actriu)",https://static.arxiusenlinia.cultura.gencat.cat/active/GANC/NOTEXTUAL/1/5/2/2046/ANC_156199_157333.jpg,ANC_156199_157333.jpg,1930
Arxiu Nacional de Catalunya,Foto Estudio Vilaseca,"Reproducció del full d'un quadern-muestrari amb vint-i-cinc retrats caracteritzats de l'actriu Maria Morera, Barcelona",Barcelona,"Morera i Franco, Maria (actriu)",https://static.arxiusenlinia.cultura.gencat.cat/active/GANC/NOTEXTUAL/1/1014/0/396/ANC_502737_357396.jpg,ANC_502737_357396.jpg,1930
Arxiu Nacional de Catalunya,Foto Estudio Vilaseca,"Reproducció del full d'un quadern-muestrari amb vint-i-cinc retrats caracteritzats de l'actriu Maria Morera, Barcelona",Barcelona,"Morera i Franco, Maria (actriu)",https://static.arxiusenlinia.cultura.gencat.cat/active/GANC/NOTEXTUAL/1/1014/0/397/ANC_502738_357397.jpg,ANC_502738_357397.jpg,1930
Arxiu Nacional de Catalunya,BRANGULÍ (FOTÒGRAFS),"Josep Maria de Sagarra contempla l'actriu Maria Morera, dalt de l'escenari, i entre altres actors que interpreten la estrena de la seva obra de teatre ""Corona d'espines"", Barcelona.",Barcelona,"Sagarra i de Castellarnau, Josep Maria de, 1894-1961|Morera i Franco, Maria (actriu)",https://static.arxiusenlinia.cultura.gencat.cat/active/GANC/NOTEXTUAL/1/42/24/24394/ANC_136762_138337.jpg,ANC_136762_138337.jpg,1930
Arxiu Nacional de Catalunya,BRANGULÍ (FOTÒGRAFS),"L'actriu Maria Morera, de la companyia Vila-Daví, en una escèna de l'obra de teatre ""Desitjada"", de Josep Maria de Sagarra. Teatre Romea, carrer Hospital, Barcelona.",Barcelona,"Teatre Romea|Sagarra i de Castellarnau, Josep Maria de, 1894-1961|Morera i Franco, Maria (actriu)|Companyia Vila-Daví",https://static.arxiusenlinia.cultura.gencat.cat/active/GANC/NOTEXTUAL/1/42/25/25759/ANC_138127_139795.jpg,ANC_138127_139795.jpg,1932
Arxiu Nacional de Catalunya,BRANGULÍ (FOTÒGRAFS),"Els actors Maria Vila, Maria Morera, Pius Daví i  Antoni de Gimbernat, de la companyia Vila-Daví, en una escèna de l'obra de teatre ""Desitjada"", de Josep Maria de Sagarra. Teatre Romea, carrer Hospital, Barcelona.",Barcelona,"Teatre Romea|Vila i Panadès, Maria (actriu)|Morera i Franco, Maria (actriu)|Daví i Segalés, Pius (actor)|Companyia Vila-Daví|Gimbernat i Ballvé, Antoni de (actor)",https://static.arxiusenlinia.cultura.gencat.cat/active/GANC/NOTEXTUAL/1/42/25/25760/ANC_138128_139794.jpg,ANC_138128_139794.jpg,1932
Arxiu Nacional de Catalunya,BRANGULÍ (FOTÒGRAFS),"El dramaturg italià Luigi Pirandello acompanyat de Josep Maria de Sagarra, l'actriu Maria Morera i la resta d'actors que han representat la seva obra ""El barret de Cascavells"", traduïda pel mateix Sagarra. L'obra es va representar desprès que el dramaturg donés una conferència al mateix escenari. Teatre Romea, Barcelona.",Barcelona,"Teatre Romea|Sagarra i de Castellarnau, Josep Maria de, 1894-1961|Morera i Franco, Maria (actriu)|Pirandello, Luigi",https://static.arxiusenlinia.cultura.gencat.cat/active/GANC/NOTEXTUAL/1/42/25/25902/ANC_138270_139892.jpg,ANC_138270_139892.jpg,1924
Arxiu Nacional de Catalunya,BRANGULÍ (FOTÒGRAFS),"L'actriu Maria Morera actuant a l'obra de teatre ""La corona d'espines"" de Josep Maria de Sagarra. Teatre Novetats, carrer Casp, Barcelona.",Barcelona,"Sagarra i de Castellarnau, Josep Maria de, 1894-1961|Teatro Novedades|Morera i Franco, Maria (actriu)",https://static.arxiusenlinia.cultura.gencat.cat/active/GANC/NOTEXTUAL/1/42/25/25948/ANC_138316_139871.jpg,ANC_138316_139871.jpg,1930
Arxiu Nacional de Catalunya,JOSEP MARIA SAGARRA i PLANA,"Retrat de l'actriu Maria Morera Morera amb un ram de flors, amb motiu d'haver rebut la Medalla del Treball, a l'edifici seu de l'Ajuntament de Barcelona. A la seva dreta, Antoni Martínez i Domingo, alcalde accidental de Barcelona i, a l'esquerra, l'escriptor i músic Apel·les Mestres.","Masnou, el","Mestres i Oñós, Apel·les|Martínez i Domingo, Antoni, 1867-1942|Morera i Franco, Maria (actriu)",https://static.arxiusenlinia.cultura.gencat.cat/active/GANC/NOTEXTUAL/1/585/11/11043/ANC_635974_630243.jpg,ANC_635974_630243.jpg,1931
Arxiu Nacional de Catalunya,JOSEP MARIA SAGARRA i PLANA,"Retrat de grup amb motiu de l'acte de nomenament de l'actriu Margarida Xirgu com a filla predilecta de la ciutat de Barcelona, al saló de Cent de l'edifici seu de l'Ajuntament de Barcelona. D'esquerra a dreta, entre d'altres,  Joan Antoni Güell, comte de Fígols; Jaume Aiguader, alcalde de Barcelona; Margarida Xirgu; Maria Morera, actriu; Enric Borràs, actor; .Bonaventura Gassol, conseller de Cultura de la Generalitat de Catalunya;",Barcelona,"Aiguader i Miró, Jaume|Ajuntament de Barcelona|Borrás Oriol, Enrique, 1863-1957|Gassol i Rovira, Bonaventura|Güell i López, Joan Antoni (comte)|Xirgu i Subirà, Margarida (actriu)|Morera i Franco, Maria (actriu)",https://static.arxiusenlinia.cultura.gencat.cat/active/GANC/NOTEXTUAL/1/585/11/11111/ANC_635780_630207.jpg,ANC_635780_630207.jpg,1933
Arxiu Nacional de Catalunya,JOSEP MARIA SAGARRA i PLANA,"Retrat de grup amb motiu de l'acte de nomenament de l'actriu Margarida Xirgu com a filla predilecta de la ciutat de Barcelona, al saló de Cent de l'edifici seu de l'Ajuntament de Barcelona. D'esquerra a dreta, entre d'altres,  Joan Antoni Güell, comte de Fígols; Jaume Aiguader, alcalde de Barcelona; Margarida Xirgu;  Maria Morera, actriu; Enric Borràs, actor; Bonaventura Gassol, conseller de Cultura de la Generalitat de Catalunya;",Barcelona,"Aiguader i Miró, Jaume|Ajuntament de Barcelona|Borrás Oriol, Enrique, 1863-1957|Gassol i Rovira, Bonaventura|Güell i López, Joan Antoni (comte)|Xirgu i Subirà, Margarida (actriu)|Morera i Franco, Maria (actriu)",https://static.arxiusenlinia.cultura.gencat.cat/active/GANC/NOTEXTUAL/1/585/11/11112/ANC_635778_630204.jpg,ANC_635778_630204.jpg,1933
Arxiu Nacional de Catalunya,JOSEP MARIA SAGARRA i PLANA,"Retrat de grup amb motiu de l'acte de nomenament de l'actriu Margarida Xirgu com a filla predilecta de la ciutat de Barcelona, al saló de Cent de l'edifici seu de l'Ajuntament de Barcelona. D'esquerra a dreta, entre d'altres,  Joan Antoni Güell, comte de Fígols; Jaume Aiguader, alcalde de Barcelona; Margarida Xirgu;  Maria Morera, actriu; Enric Borràs, actor; Bonaventura Gassol, conseller de Cultura de la Generalitat de Catalunya;",Barcelona,"Aiguader i Miró, Jaume|Ajuntament de Barcelona|Borrás Oriol, Enrique, 1863-1957|Gassol i Rovira, Bonaventura|Güell i López, Joan Antoni (comte)|Xirgu i Subirà, Margarida (actriu)|Morera i Franco, Maria (actriu)",https://static.arxiusenlinia.cultura.gencat.cat/active/GANC/NOTEXTUAL/1/585/11/11113/ANC_635782_630205.jpg,ANC_635782_630205.jpg,1933
Arxiu Nacional de Catalunya,BERT I CLARET (FOTOPERIODISTES),"Façana del Teatre Goya al carrer de Joaquim Costa, 68 de Barcelona. Estrena, per la Companyia de Margarita Xirgu, de l'obra ""Fidelidad""., de Sagararra",Barcelona,"Xirgu i Subirà, Margarida (actriu)|Teatre Goya",https://static.arxiusenlinia.cultura.gencat.cat/active/GANC/NOTEXTUAL/1/64/1/1252/ANC_200562_281252.jpg,ANC_200562_281252.jpg,1926
Arxiu Nacional de Catalunya,JAUME AYMÀ MAYOL,"Recull de reproduccions, tant fotogràfiques com impreses, de fotografies i dibuixos destinats a un llibre sobre la figura de Federico García Lorca, el qual l'editorial Aymà mai arribà a publicar. Les imatges mostren García Lorca amb la seva mare i amb l'actriu Margarita Xirgu i el poeta i dramaturg Josep Maria de Sagarra. També hi ha diversos documents relacionats amb l'obra de teatre 'Mariana Pineda', entre els quals hi ha dibuixos fets pel mateix García Lorca o per l'escenògraf i dramaturg Santiago Ontañón.",,"Xirgu i Subirà, Margarida (actriu)|García Lorca, Federico, 1898-1936|López Lagar, Pedro (actor)","https://static.arxiusenlinia.cultura.gencat.cat/active/GANC/NOTEXTUAL/1/544/0/48/ANC_944688_804834,0001.jpg","ANC_944688_804834,0001.jpg",1935
Arxiu Nacional de Catalunya,JAUME AYMÀ MAYOL,"Recull de reproduccions, tant fotogràfiques com impreses, de fotografies i dibuixos destinats a un llibre sobre la figura de Federico García Lorca, el qual l'editorial Aymà mai arribà a publicar. Les imatges mostren García Lorca amb la seva mare i amb l'actriu Margarita Xirgu i el poeta i dramaturg Josep Maria de Sagarra. També hi ha diversos documents relacionats amb l'obra de teatre 'Mariana Pineda', entre els quals hi ha dibuixos fets pel mateix García Lorca o per l'escenògraf i dramaturg Santiago Ontañón.",,"Xirgu i Subirà, Margarida (actriu)|García Lorca, Federico, 1898-1936|López Lagar, Pedro (actor)","https://static.arxiusenlinia.cultura.gencat.cat/active/GANC/NOTEXTUAL/1/544/0/48/ANC_944688_804834,0002.jpg","ANC_944688_804834,0002.jpg",1935
Arxiu Nacional de Catalunya,JAUME AYMÀ MAYOL,"Recull de reproduccions, tant fotogràfiques com impreses, de fotografies i dibuixos destinats a un llibre sobre la figura de Federico García Lorca, el qual l'editorial Aymà mai arribà a publicar. Les imatges mostren García Lorca amb la seva mare i amb l'actriu Margarita Xirgu i el poeta i dramaturg Josep Maria de Sagarra. També hi ha diversos documents relacionats amb l'obra de teatre 'Mariana Pineda', entre els quals hi ha dibuixos fets pel mateix García Lorca o per l'escenògraf i dramaturg Santiago Ontañón.",,"Xirgu i Subirà, Margarida (actriu)|García Lorca, Federico, 1898-1936|López Lagar, Pedro (actor)","https://static.arxiusenlinia.cultura.gencat.cat/active/GANC/NOTEXTUAL/1/544/0/48/ANC_944688_804834,0003.jpg","ANC_944688_804834,0003.jpg",1935
Arxiu Nacional de Catalunya,JAUME AYMÀ MAYOL,"Recull de reproduccions, tant fotogràfiques com impreses, de fotografies i dibuixos destinats a un llibre sobre la figura de Federico García Lorca, el qual l'editorial Aymà mai arribà a publicar. Les imatges mostren García Lorca amb la seva mare i amb l'actriu Margarita Xirgu i el poeta i dramaturg Josep Maria de Sagarra. També hi ha diversos documents relacionats amb l'obra de teatre 'Mariana Pineda', entre els quals hi ha dibuixos fets pel mateix García Lorca o per l'escenògraf i dramaturg Santiago Ontañón.",,"Xirgu i Subirà, Margarida (actriu)|García Lorca, Federico, 1898-1936|López Lagar, Pedro (actor)","https://static.arxiusenlinia.cultura.gencat.cat/active/GANC/NOTEXTUAL/1/544/0/48/ANC_944688_804834,0004.jpg","ANC_944688_804834,0004.jpg",1935
Arxiu Nacional de Catalunya,JAUME AYMÀ MAYOL,"Recull de reproduccions, tant fotogràfiques com impreses, de fotografies i dibuixos destinats a un llibre sobre la figura de Federico García Lorca, el qual l'editorial Aymà mai arribà a publicar. Les imatges mostren García Lorca amb la seva mare i amb l'actriu Margarita Xirgu i el poeta i dramaturg Josep Maria de Sagarra. També hi ha diversos documents relacionats amb l'obra de teatre 'Mariana Pineda', entre els quals hi ha dibuixos fets pel mateix García Lorca o per l'escenògraf i dramaturg Santiago Ontañón.",,"Xirgu i Subirà, Margarida (actriu)|García Lorca, Federico, 1898-1936|López Lagar, Pedro (actor)","https://static.arxiusenlinia.cultura.gencat.cat/active/GANC/NOTEXTUAL/1/544/0/48/ANC_944688_804834,0005.jpg","ANC_944688_804834,0005.jpg",1935
Arxiu Nacional de Catalunya,JAUME AYMÀ MAYOL,"Recull de reproduccions, tant fotogràfiques com impreses, de fotografies i dibuixos destinats a un llibre sobre la figura de Federico García Lorca, el qual l'editorial Aymà mai arribà a publicar. Les imatges mostren García Lorca amb la seva mare i amb l'actriu Margarita Xirgu i el poeta i dramaturg Josep Maria de Sagarra. També hi ha diversos documents relacionats amb l'obra de teatre 'Mariana Pineda', entre els quals hi ha dibuixos fets pel mateix García Lorca o per l'escenògraf i dramaturg Santiago Ontañón.",,"Xirgu i Subirà, Margarida (actriu)|García Lorca, Federico, 1898-1936|López Lagar, Pedro (actor)","https://static.arxiusenlinia.cultura.gencat.cat/active/GANC/NOTEXTUAL/1/544/0/48/ANC_944688_804834,0006.jpg","ANC_944688_804834,0006.jpg",1935
Arxiu Nacional de Catalunya,JAUME AYMÀ MAYOL,"Recull de reproduccions, tant fotogràfiques com impreses, de fotografies i dibuixos destinats a un llibre sobre la figura de Federico García Lorca, el qual l'editorial Aymà mai arribà a publicar. Les imatges mostren García Lorca amb la seva mare i amb l'actriu Margarita Xirgu i el poeta i dramaturg Josep Maria de Sagarra. També hi ha diversos documents relacionats amb l'obra de teatre 'Mariana Pineda', entre els quals hi ha dibuixos fets pel mateix García Lorca o per l'escenògraf i dramaturg Santiago Ontañón.",,"Xirgu i Subirà, Margarida (actriu)|García Lorca, Federico, 1898-1936|López Lagar, Pedro (actor)","https://static.arxiusenlinia.cultura.gencat.cat/active/GANC/NOTEXTUAL/1/544/0/48/ANC_944688_804834,0007.jpg","ANC_944688_804834,0007.jpg",1935
Arxiu Nacional de Catalunya,JAUME AYMÀ MAYOL,"Recull de reproduccions, tant fotogràfiques com impreses, de fotografies i dibuixos destinats a un llibre sobre la figura de Federico García Lorca, el qual l'editorial Aymà mai arribà a publicar. Les imatges mostren García Lorca amb la seva mare i amb l'actriu Margarita Xirgu i el poeta i dramaturg Josep Maria de Sagarra. També hi ha diversos documents relacionats amb l'obra de teatre 'Mariana Pineda', entre els quals hi ha dibuixos fets pel mateix García Lorca o per l'escenògraf i dramaturg Santiago Ontañón.",,"Xirgu i Subirà, Margarida (actriu)|García Lorca, Federico, 1898-1936|López Lagar, Pedro (actor)","https://static.arxiusenlinia.cultura.gencat.cat/active/GANC/NOTEXTUAL/1/544/0/48/ANC_944688_804834,0008.jpg","ANC_944688_804834,0008.jpg",1935
Arxiu Nacional de Catalunya,JAUME AYMÀ MAYOL,"Recull de reproduccions, tant fotogràfiques com impreses, de fotografies i dibuixos destinats a un llibre sobre la figura de Federico García Lorca, el qual l'editorial Aymà mai arribà a publicar. Les imatges mostren García Lorca amb la seva mare i amb l'actriu Margarita Xirgu i el poeta i dramaturg Josep Maria de Sagarra. També hi ha diversos documents relacionats amb l'obra de teatre 'Mariana Pineda', entre els quals hi ha dibuixos fets pel mateix García Lorca o per l'escenògraf i dramaturg Santiago Ontañón.",,"Xirgu i Subirà, Margarida (actriu)|García Lorca, Federico, 1898-1936|López Lagar, Pedro (actor)","https://static.arxiusenlinia.cultura.gencat.cat/active/GANC/NOTEXTUAL/1/544/0/48/ANC_944688_804834,0009.jpg","ANC_944688_804834,0009.jpg",1935
Arxiu Nacional de Catalunya,JAUME AYMÀ MAYOL,"Recull de reproduccions, tant fotogràfiques com impreses, de fotografies i dibuixos destinats a un llibre sobre la figura de Federico García Lorca, el qual l'editorial Aymà mai arribà a publicar. Les imatges mostren García Lorca amb la seva mare i amb l'actriu Margarita Xirgu i el poeta i dramaturg Josep Maria de Sagarra. També hi ha diversos documents relacionats amb l'obra de teatre 'Mariana Pineda', entre els quals hi ha dibuixos fets pel mateix García Lorca o per l'escenògraf i dramaturg Santiago Ontañón.",,"Xirgu i Subirà, Margarida (actriu)|García Lorca, Federico, 1898-1936|López Lagar, Pedro (actor)","https://static.arxiusenlinia.cultura.gencat.cat/active/GANC/NOTEXTUAL/1/544/0/48/ANC_944688_804834,0010.jpg","ANC_944688_804834,0010.jpg",1935
Arxiu Nacional de Catalunya,JAUME AYMÀ MAYOL,"Recull de reproduccions, tant fotogràfiques com impreses, de fotografies i dibuixos destinats a un llibre sobre la figura de Federico García Lorca, el qual l'editorial Aymà mai arribà a publicar. Les imatges mostren García Lorca amb la seva mare i amb l'actriu Margarita Xirgu i el poeta i dramaturg Josep Maria de Sagarra. També hi ha diversos documents relacionats amb l'obra de teatre 'Mariana Pineda', entre els quals hi ha dibuixos fets pel mateix García Lorca o per l'escenògraf i dramaturg Santiago Ontañón.",,"Xirgu i Subirà, Margarida (actriu)|García Lorca, Federico, 1898-1936|López Lagar, Pedro (actor)","https://static.arxiusenlinia.cultura.gencat.cat/active/GANC/NOTEXTUAL/1/544/0/48/ANC_944688_804834,0011.jpg","ANC_944688_804834,0011.jpg",1935
Arxiu Nacional de Catalunya,JAUME AYMÀ MAYOL,"Recull de reproduccions, tant fotogràfiques com impreses, de fotografies i dibuixos destinats a un llibre sobre la figura de Federico García Lorca, el qual l'editorial Aymà mai arribà a publicar. Les imatges mostren García Lorca amb la seva mare i amb l'actriu Margarita Xirgu i el poeta i dramaturg Josep Maria de Sagarra. També hi ha diversos documents relacionats amb l'obra de teatre 'Mariana Pineda', entre els quals hi ha dibuixos fets pel mateix García Lorca o per l'escenògraf i dramaturg Santiago Ontañón.",,"Xirgu i Subirà, Margarida (actriu)|García Lorca, Federico, 1898-1936|López Lagar, Pedro (actor)","https://static.arxiusenlinia.cultura.gencat.cat/active/GANC/NOTEXTUAL/1/544/0/48/ANC_944688_804834,0012.jpg","ANC_944688_804834,0012.jpg",1935
Arxiu Nacional de Catalunya,JAUME AYMÀ MAYOL,"Recull de reproduccions, tant fotogràfiques com impreses, de fotografies i dibuixos destinats a un llibre sobre la figura de Federico García Lorca, el qual l'editorial Aymà mai arribà a publicar. Les imatges mostren García Lorca amb la seva mare i amb l'actriu Margarita Xirgu i el poeta i dramaturg Josep Maria de Sagarra. També hi ha diversos documents relacionats amb l'obra de teatre 'Mariana Pineda', entre els quals hi ha dibuixos fets pel mateix García Lorca o per l'escenògraf i dramaturg Santiago Ontañón.",,"Xirgu i Subirà, Margarida (actriu)|García Lorca, Federico, 1898-1936|López Lagar, Pedro (actor)","https://static.arxiusenlinia.cultura.gencat.cat/active/GANC/NOTEXTUAL/1/544/0/48/ANC_944688_804834,0013.jpg","ANC_944688_804834,0013.jpg",1935
Arxiu Nacional de Catalunya,JAUME AYMÀ MAYOL,"Recull de reproduccions, tant fotogràfiques com impreses, de fotografies i dibuixos destinats a un llibre sobre la figura de Federico García Lorca, el qual l'editorial Aymà mai arribà a publicar. Les imatges mostren García Lorca amb la seva mare i amb l'actriu Margarita Xirgu i el poeta i dramaturg Josep Maria de Sagarra. També hi ha diversos documents relacionats amb l'obra de teatre 'Mariana Pineda', entre els quals hi ha dibuixos fets pel mateix García Lorca o per l'escenògraf i dramaturg Santiago Ontañón.",,"Xirgu i Subirà, Margarida (actriu)|García Lorca, Federico, 1898-1936|López Lagar, Pedro (actor)","https://static.arxiusenlinia.cultura.gencat.cat/active/GANC/NOTEXTUAL/1/544/0/48/ANC_944688_804834,0014.jpg","ANC_944688_804834,0014.jpg",1935
Arxiu Nacional de Catalunya,JAUME AYMÀ MAYOL,"Recull de reproduccions, tant fotogràfiques com impreses, de fotografies i dibuixos destinats a un llibre sobre la figura de Federico García Lorca, el qual l'editorial Aymà mai arribà a publicar. Les imatges mostren García Lorca amb la seva mare i amb l'actriu Margarita Xirgu i el poeta i dramaturg Josep Maria de Sagarra. També hi ha diversos documents relacionats amb l'obra de teatre 'Mariana Pineda', entre els quals hi ha dibuixos fets pel mateix García Lorca o per l'escenògraf i dramaturg Santiago Ontañón.",,"Xirgu i Subirà, Margarida (actriu)|García Lorca, Federico, 1898-1936|López Lagar, Pedro (actor)","https://static.arxiusenlinia.cultura.gencat.cat/active/GANC/NOTEXTUAL/1/544/0/48/ANC_944688_804834,0015.jpg","ANC_944688_804834,0015.jpg",1935
Arxiu Nacional de Catalunya,JAUME AYMÀ MAYOL,"Recull de reproduccions, tant fotogràfiques com impreses, de fotografies i dibuixos destinats a un llibre sobre la figura de Federico García Lorca, el qual l'editorial Aymà mai arribà a publicar. Les imatges mostren García Lorca amb la seva mare i amb l'actriu Margarita Xirgu i el poeta i dramaturg Josep Maria de Sagarra. També hi ha diversos documents relacionats amb l'obra de teatre 'Mariana Pineda', entre els quals hi ha dibuixos fets pel mateix García Lorca o per l'escenògraf i dramaturg Santiago Ontañón.",,"Xirgu i Subirà, Margarida (actriu)|García Lorca, Federico, 1898-1936|López Lagar, Pedro (actor)","https://static.arxiusenlinia.cultura.gencat.cat/active/GANC/NOTEXTUAL/1/544/0/48/ANC_944688_804834,0016.jpg","ANC_944688_804834,0016.jpg",1935
Arxiu Nacional de Catalunya,JAUME AYMÀ MAYOL,"Recull de reproduccions, tant fotogràfiques com impreses, de fotografies i dibuixos destinats a un llibre sobre la figura de Federico García Lorca, el qual l'editorial Aymà mai arribà a publicar. Les imatges mostren García Lorca amb la seva mare i amb l'actriu Margarita Xirgu i el poeta i dramaturg Josep Maria de Sagarra. També hi ha diversos documents relacionats amb l'obra de teatre 'Mariana Pineda', entre els quals hi ha dibuixos fets pel mateix García Lorca o per l'escenògraf i dramaturg Santiago Ontañón.",,"Xirgu i Subirà, Margarida (actriu)|García Lorca, Federico, 1898-1936|López Lagar, Pedro (actor)","https://static.arxiusenlinia.cultura.gencat.cat/active/GANC/NOTEXTUAL/1/544/0/48/ANC_944688_804834,0017.jpg","ANC_944688_804834,0017.jpg",1935
Arxiu Nacional de Catalunya,JAUME AYMÀ MAYOL,"Recull de reproduccions, tant fotogràfiques com impreses, de fotografies i dibuixos destinats a un llibre sobre la figura de Federico García Lorca, el qual l'editorial Aymà mai arribà a publicar. Les imatges mostren García Lorca amb la seva mare i amb l'actriu Margarita Xirgu i el poeta i dramaturg Josep Maria de Sagarra. També hi ha diversos documents relacionats amb l'obra de teatre 'Mariana Pineda', entre els quals hi ha dibuixos fets pel mateix García Lorca o per l'escenògraf i dramaturg Santiago Ontañón.",,"Xirgu i Subirà, Margarida (actriu)|García Lorca, Federico, 1898-1936|López Lagar, Pedro (actor)","https://static.arxiusenlinia.cultura.gencat.cat/active/GANC/NOTEXTUAL/1/544/0/48/ANC_944688_804834,0018.jpg","ANC_944688_804834,0018.jpg",1935
Arxiu Nacional de Catalunya,JAUME AYMÀ MAYOL,"Recull de reproduccions, tant fotogràfiques com impreses, de fotografies i dibuixos destinats a un llibre sobre la figura de Federico García Lorca, el qual l'editorial Aymà mai arribà a publicar. Les imatges mostren García Lorca amb la seva mare i amb l'actriu Margarita Xirgu i el poeta i dramaturg Josep Maria de Sagarra. També hi ha diversos documents relacionats amb l'obra de teatre 'Mariana Pineda', entre els quals hi ha dibuixos fets pel mateix García Lorca o per l'escenògraf i dramaturg Santiago Ontañón.",,"Xirgu i Subirà, Margarida (actriu)|García Lorca, Federico, 1898-1936|López Lagar, Pedro (actor)","https://static.arxiusenlinia.cultura.gencat.cat/active/GANC/NOTEXTUAL/1/544/0/48/ANC_944688_804834,0019.jpg","ANC_944688_804834,0019.jpg",1935
Arxiu Nacional de Catalunya,JAUME AYMÀ MAYOL,"Recull de reproduccions, tant fotogràfiques com impreses, de fotografies i dibuixos destinats a un llibre sobre la figura de Federico García Lorca, el qual l'editorial Aymà mai arribà a publicar. Les imatges mostren García Lorca amb la seva mare i amb l'actriu Margarita Xirgu i el poeta i dramaturg Josep Maria de Sagarra. També hi ha diversos documents relacionats amb l'obra de teatre 'Mariana Pineda', entre els quals hi ha dibuixos fets pel mateix García Lorca o per l'escenògraf i dramaturg Santiago Ontañón.",,"Xirgu i Subirà, Margarida (actriu)|García Lorca, Federico, 1898-1936|López Lagar, Pedro (actor)","https://static.arxiusenlinia.cultura.gencat.cat/active/GANC/NOTEXTUAL/1/544/0/48/ANC_944688_804834,0020.jpg","ANC_944688_804834,0020.jpg",1935
Arxiu Nacional de Catalunya,JAUME AYMÀ MAYOL,"Recull de reproduccions, tant fotogràfiques com impreses, de fotografies i dibuixos destinats a un llibre sobre la figura de Federico García Lorca, el qual l'editorial Aymà mai arribà a publicar. Les imatges mostren García Lorca amb la seva mare i amb l'actriu Margarita Xirgu i el poeta i dramaturg Josep Maria de Sagarra. També hi ha diversos documents relacionats amb l'obra de teatre 'Mariana Pineda', entre els quals hi ha dibuixos fets pel mateix García Lorca o per l'escenògraf i dramaturg Santiago Ontañón.",,"Xirgu i Subirà, Margarida (actriu)|García Lorca, Federico, 1898-1936|López Lagar, Pedro (actor)","https://static.arxiusenlinia.cultura.gencat.cat/active/GANC/NOTEXTUAL/1/544/0/48/ANC_944688_804834,0021.jpg","ANC_944688_804834,0021.jpg",1935
Arxiu Nacional de Catalunya,JAUME AYMÀ MAYOL,"Recull de reproduccions, tant fotogràfiques com impreses, de fotografies i dibuixos destinats a un llibre sobre la figura de Federico García Lorca, el qual l'editorial Aymà mai arribà a publicar. Les imatges mostren García Lorca amb la seva mare i amb l'actriu Margarita Xirgu i el poeta i dramaturg Josep Maria de Sagarra. També hi ha diversos documents relacionats amb l'obra de teatre 'Mariana Pineda', entre els quals hi ha dibuixos fets pel mateix García Lorca o per l'escenògraf i dramaturg Santiago Ontañón.",,"Xirgu i Subirà, Margarida (actriu)|García Lorca, Federico, 1898-1936|López Lagar, Pedro (actor)","https://static.arxiusenlinia.cultura.gencat.cat/active/GANC/NOTEXTUAL/1/544/0/48/ANC_944688_804834,0022.jpg","ANC_944688_804834,0022.jpg",1935
Arxiu Nacional de Catalunya,Foto Estudio Vilaseca,Reproducció d'un retrat de l'actriu Margarita Xirgu.,,"Xirgu i Subirà, Margarida (actriu)",https://static.arxiusenlinia.cultura.gencat.cat/active/GANC/NOTEXTUAL/1/1014/1/1352/ANC_503690_358352.jpg,ANC_503690_358352.jpg,1931
Arxiu Nacional de Catalunya,BRANGULÍ (FOTÒGRAFS),"Retrat dels actors Enric Borràs i Margarita Xirgu al finalitzar la seva interpretació en l'obra teatral ""Medea"" de Lucio A. Séneca. Teatre Grec, Barcelona.",Barcelona,"Borrás Oriol, Enrique, 1863-1957|Teatre Grec|Xirgu i Subirà, Margarida (actriu)|Séneca, Lucio Anneo",https://static.arxiusenlinia.cultura.gencat.cat/active/GANC/NOTEXTUAL/1/42/25/25530/ANC_137898_139547.jpg,ANC_137898_139547.jpg,1933
Arxiu Nacional de Catalunya,BRANGULÍ (FOTÒGRAFS),"L'actriu Margarita Xirgu en la seva interpretació a l'obra teatral ""Medea"" de Lucio A. Séneca. Teatre Grec, Barcelona.",Barcelona,"Teatre Grec|Xirgu i Subirà, Margarida (actriu)",https://static.arxiusenlinia.cultura.gencat.cat/active/GANC/NOTEXTUAL/1/42/25/25531/ANC_137899_139546.jpg,ANC_137899_139546.jpg,1933
Arxiu Nacional de Catalunya,BRANGULÍ (FOTÒGRAFS),"Retrat de la presidència del te d'homenatge tributat a l'actriu Margarita Xirgu pel Lyceum Club de Barcelona. Cafè de la Rambla, Barcelona. D'esquerra a dreta: Artur Carbonell, artista, pintor i director de la companyia de Teatre Amateur de Sitges i del Lyceum Club; Gertrudis Millàs, actriu del Teatre Amateur del Lyceum Club; Maria Parellada, sots-presidenta del Lyceum Club; el poeta Federico García Lorca; Margarida Xirgu; Maria Baldó de Torres, presidenta del Lyceum Club; Margarida Comas, catedràtica de Pedagogia i assessora de pedagogia al Lyceum Club i la  senyora de Riera, secretària accidental del Lyceum Club.",Barcelona,"Xirgu i Subirà, Margarida (actriu)|Cafè de la Rambla|García Lorca, Federico, 1898-1936|Lyceum Club de Barcelona|Carbonell i Carbonell, Artur|Millàs, Gertrudis|Parellada, Maria|Baldó i Massanet, Maria|Comas Camps, Margarida|Riera, Sra. de",https://static.arxiusenlinia.cultura.gencat.cat/active/GANC/NOTEXTUAL/1/42/28/28781/ANC_141149_142335.jpg,ANC_141149_142335.jpg,1935
Arxiu Nacional de Catalunya,BRANGULÍ (FOTÒGRAFS),"Acte de liurament del pergamí, que nomena Filla Predilecta de la ciutat de Barcelona, a l'actriu Margarida Xirgu. Saló de Cent de l'Ajuntament de Barcelona. L'acompanyen, entre altres personalitats,  a la seva dreta,  Jaume Aiguader, alcalde de Barcelona, l'actor Enric Borrás i el comte Joan Antoni Güell, president de l'Acadèmia de Belles Arts Sant Jordi. A la seva esquerra, Ventura Gassol, conseller de Cultura i en representació del president Francesc Macià.",Barcelona,"Aiguader i Miró, Jaume|Borrás Oriol, Enrique, 1863-1957|Gassol i Rovira, Bonaventura|Güell i López, Joan Antoni (comte)|Xirgu i Subirà, Margarida (actriu)",https://static.arxiusenlinia.cultura.gencat.cat/active/GANC/NOTEXTUAL/1/42/28/28778/ANC_141146_142338.jpg,ANC_141146_142338.jpg,1933
Arxiu Nacional de Catalunya,BRANGULÍ (FOTÒGRAFS),"Jaume Aiguader, alcalde de Barcelona,  en el moment de lliurar el pergamí que nomena Filla Predilecta de la ciutat de Barcelona, a l'actriu Margarida Xirgu. Saló de Cent de l'Ajuntament de Barcelona. Els acompanyen, entre altres personalitats, l'actor Enric Borrás; el comte Joan Antoni Güell, president de l'Acadèmia de Belles Arts Sant Jordi i Ventura Gassol, conseller de Cultura i en representació del president Francesc Macià.",Barcelona,"Aiguader i Miró, Jaume|Borrás Oriol, Enrique, 1863-1957|Gassol i Rovira, Bonaventura|Güell i López, Joan Antoni (comte)|Xirgu i Subirà, Margarida (actriu)",https://static.arxiusenlinia.cultura.gencat.cat/active/GANC/NOTEXTUAL/1/42/28/28779/ANC_141147_142337.jpg,ANC_141147_142337.jpg,1933
Arxiu Nacional de Catalunya,BRANGULÍ (FOTÒGRAFS),"Acte d'inauguració del monument en memòria de l'actor Iscle Soler. Plaça Sant Agustí, Barcelona. L'Associació d'Artistes Lírics i Dràmatics ha dipositat una placa ornamentada amb flors a la base del monument.",Barcelona,"Soler i Samsot, Iscle (actor)|Associació d'Artistes Lirics i Dramàtics",https://static.arxiusenlinia.cultura.gencat.cat/active/GANC/NOTEXTUAL/1/42/37/37413/ANC_197794_554420.jpg,ANC_197794_554420.jpg,1918
Arxiu Nacional de Catalunya,BRANGULÍ (FOTÒGRAFS),"Acte d'inauguració del monument en memòria de l'actor Iscle Soler. Plaça Sant Agustí, Barcelona. L'Associació d'Artistes Lírics i Dràmatics ha dipositat una placa ornamentada amb flors a la base del monument.",Barcelona,"Soler i Samsot, Iscle (actor)|Associació d'Artistes Lirics i Dramàtics",https://static.arxiusenlinia.cultura.gencat.cat/active/GANC/NOTEXTUAL/1/42/37/37413/ANC_197794_559226.jpg,ANC_197794_559226.jpg,1918
Arxiu Nacional de Catalunya,GABRIEL CASAS i GALOBARDES,"Reproducció d'una fotografia d'una escena de l'obra de teatre ""Terra Baixa"" d'Àngel Guimerà. En el centre, l'actor Enric Borràs representant el paper de Manelic. El primer per l'esquerra és Iscle Soler.",,"Borrás Oriol, Enrique, 1863-1957|Guimerà i Jorge, Àngel|Soler i Samsot, Iscle (actor)",https://static.arxiusenlinia.cultura.gencat.cat/active/GANC/NOTEXTUAL/1/5/18/18311/ANC_172463_211611.jpg,ANC_172463_211611.jpg,1930
Arxiu Nacional de Catalunya,FOTO-PIC (Arxiu Pere Català),Reproducció d'un retrat de l'actor de teatre del segle XIX Iscle Soler i Samsot.,,"Soler i Samsot, Iscle (actor)",https://static.arxiusenlinia.cultura.gencat.cat/active/GANC/NOTEXTUAL/1/1236/10/10526/ANC_1230672_1036138.jpg,ANC_1230672_1036138.jpg,1890
Arxiu Nacional de Catalunya,ANDREU SOLÀ I VIDAL,"L'actor Iscle Soler i Samsot a la representació teatral ""De a mort a vida"".",,"Soler i Samsot, Iscle (actor)",https://static.arxiusenlinia.cultura.gencat.cat/active/GANC/NOTEXTUAL/1/325/0/179/ANC_580425_497994.jpg,ANC_580425_497994.jpg,1898
Arxiu Nacional de Catalunya,ANDREU SOLÀ I VIDAL,"L'actor Iscle Soler i Samsot a una representació teatral, vestit de colonitzador del segle XV o XVI.",,"Soler i Samsot, Iscle (actor)",https://static.arxiusenlinia.cultura.gencat.cat/active/GANC/NOTEXTUAL/1/325/0/180/ANC_580426_497995.jpg,ANC_580426_497995.jpg,1896
Arxiu Nacional de Catalunya,RAFAEL AREÑAS(pare i fill),"Retrat d'estudi de l'actor Iscle Soler caracteritzat en el paper de Don Panxo per a l'obra de teatre El contramestre, de Frederic Soler. Estrenada al Teatre Romea el 8 de gener de 1878",Barcelona,"Soler i Hubert, Frederic (Serafí Pitarra)|Soler i Samsot, Iscle (actor)",https://static.arxiusenlinia.cultura.gencat.cat/active/GANC/NOTEXTUAL/1/1057/0/10/ANC_586795_377320.jpg,ANC_586795_377320.jpg,1878
Arxiu Nacional de Catalunya,RAFAEL AREÑAS(pare i fill),"Retrat de l'actor Iscle Soler caracteritzat en el paper de Sisó per a l'obra de teatre La Falç o lo cap de colla, de Frederic Soler i Francesc Pelagi Briz. Estrenada al Teatre Romea el 21 de novembre de 1878",Barcelona,"Soler i Hubert, Frederic (Serafí Pitarra)|Soler i Samsot, Iscle (actor)|Briz i Fernández, Francesc Pelagi, 1839-1889",https://static.arxiusenlinia.cultura.gencat.cat/active/GANC/NOTEXTUAL/1/1057/0/11/ANC_586796_377321.jpg,ANC_586796_377321.jpg,1878
Arxiu Nacional de Catalunya,RAFAEL AREÑAS(pare i fill),"Retrat de l'actor Iscle Soler caracteritzat en el paper de Tayeda per a l'obra de teatre Combats del cor, de Miquel Draper. Estrenada al Teatre Romea el 7 de febrer de 1879",Barcelona,"Soler i Samsot, Iscle (actor)|Draper i Batllori, Miquel",https://static.arxiusenlinia.cultura.gencat.cat/active/GANC/NOTEXTUAL/1/1057/0/12/ANC_586797_377322.jpg,ANC_586797_377322.jpg,1879
Arxiu Nacional de Catalunya,RAFAEL AREÑAS(pare i fill),"Retrat de l'actor Iscle Soler caracteritzat en el paper de Francesch per a l'obra de teatre Cofis i Mofis, de Josep Feliu i Codina. Estrenada al Teatre Romea l'1 d'abril de 1879",Barcelona,"Soler i Samsot, Iscle (actor)|Feliu i Codina, Josep, 1845-1897",https://static.arxiusenlinia.cultura.gencat.cat/active/GANC/NOTEXTUAL/1/1057/0/13/ANC_586798_377323.jpg,ANC_586798_377323.jpg,1879
Arxiu Nacional de Catalunya,RAFAEL AREÑAS(pare i fill),"Retrat de l'actor Iscle Soler caracteritzat  en el paper de Joan Blancas per a l'obra de teatre Joan Blancas, de Francesc Ubach. Estrenada al Teatre Romea el 12 de febrer de 1880",Barcelona,"Soler i Samsot, Iscle (actor)|Ubach y Vinyeta, Francesc d'Assís (dramaturg)",https://static.arxiusenlinia.cultura.gencat.cat/active/GANC/NOTEXTUAL/1/1057/0/14/ANC_586799_377324.jpg,ANC_586799_377324.jpg,1880
Arxiu Nacional de Catalunya,RAFAEL AREÑAS(pare i fill),"Retrat d'estudi de l'actor Iscle Soler caracteritzat en el paper de Pere Antón per a l'obra Lo forn del rey, de Frederic Soler. Estrenada al Teatre Romea el 23 de març de 1880",Barcelona,"Soler i Hubert, Frederic (Serafí Pitarra)|Soler i Samsot, Iscle (actor)",https://static.arxiusenlinia.cultura.gencat.cat/active/GANC/NOTEXTUAL/1/1057/0/15/ANC_586800_377325.jpg,ANC_586800_377325.jpg,1880
Arxiu Nacional de Catalunya,RAFAEL AREÑAS(pare i fill),"Retrat d'estudi de l'actor Iscle Soler caracteritzat per a l'obra de teatre Mossen Janot, d'Àngel Guimerà. Estrenada al Teatre Romea el 4 d'octubre de 1898",Barcelona,"Guimerà i Jorge, Àngel|Soler i Samsot, Iscle (actor)",https://static.arxiusenlinia.cultura.gencat.cat/active/GANC/NOTEXTUAL/1/1057/0/16/ANC_586801_377326.jpg,ANC_586801_377326.jpg,1898
Arxiu Nacional de Catalunya,RAFAEL AREÑAS(pare i fill),"Retrat d'estudi de l'actor Iscle Soler caracteritzat en el paper de Valeri per a l'obra de teatre Els Vells, d'Ignasi Iglésias.  estrenada al Teatre Romea el 6 de febrer de 1903",Barcelona,"Iglésias i Pujades, Ignasi|Soler i Samsot, Iscle (actor)",https://static.arxiusenlinia.cultura.gencat.cat/active/GANC/NOTEXTUAL/1/1057/0/17/ANC_586802_377327.jpg,ANC_586802_377327.jpg,1903
Arxiu Nacional de Catalunya,RAFAEL AREÑAS(pare i fill),"Retrat d'estudi de l'actor Iscle Soler caracteritzat en el paper de Valeri per a l'obra de teatre Els Vells, d'Ignasi Iglésias. Estrenada al Teatre Romea el 6 de febrer de 1903",Barcelona,"Iglésias i Pujades, Ignasi|Soler i Samsot, Iscle (actor)",https://static.arxiusenlinia.cultura.gencat.cat/active/GANC/NOTEXTUAL/1/1057/0/18/ANC_586803_377328.jpg,ANC_586803_377328.jpg,1903
Arxiu Nacional de Catalunya,RAFAEL AREÑAS(pare i fill),"Retrat d'estudi de l'actor Iscle Soler caracteritzat per a l'obra de teatre L'Eloi, d'Àngel Guimerà. Estrenada al Teatre Romea el 27 de març de 1906",Barcelona,"Guimerà i Jorge, Àngel|Soler i Samsot, Iscle (actor)",https://static.arxiusenlinia.cultura.gencat.cat/active/GANC/NOTEXTUAL/1/1057/0/19/ANC_586804_377329.jpg,ANC_586804_377329.jpg,1906
Arxiu Nacional de Catalunya,RAFAEL AREÑAS(pare i fill),"Retrat d'estudi de l'actor Iscle Soler caracteritzat per a l'obra de teatre L'Eloi, d'Àngel Guimerà. Estrenada al Teatre Romea el 27 de març de 1906",Barcelona,"Guimerà i Jorge, Àngel|Soler i Samsot, Iscle (actor)",https://static.arxiusenlinia.cultura.gencat.cat/active/GANC/NOTEXTUAL/1/1057/0/20/ANC_586805_377330.jpg,ANC_586805_377330.jpg,1906
Arxiu Nacional de Catalunya,RAFAEL AREÑAS(pare i fill),"Retrat d'estudi de l'actor Iscle Soler caracteritzat per a l'obra de teatre L'Eloi, d'Àngel Guimerà. Estrenada al Teatre Romea el 27 de març de 1906",Barcelona,"Guimerà i Jorge, Àngel|Soler i Samsot, Iscle (actor)",https://static.arxiusenlinia.cultura.gencat.cat/active/GANC/NOTEXTUAL/1/1057/0/21/ANC_586806_377331.jpg,ANC_586806_377331.jpg,1906
Arxiu Nacional de Catalunya,RAFAEL AREÑAS(pare i fill),"Retrat d'estudi de l'actor Iscle Soler caracteritzat per a l'obra de teatre L'Eloi, d'Àngel Guimerà. Estrenada al Teatre Romea el 27 de març de 1906",Barcelona,"Guimerà i Jorge, Àngel|Soler i Samsot, Iscle (actor)",https://static.arxiusenlinia.cultura.gencat.cat/active/GANC/NOTEXTUAL/1/1057/0/22/ANC_586807_377332.jpg,ANC_586807_377332.jpg,1906
Arxiu Nacional de Catalunya,RAFAEL AREÑAS(pare i fill),"Retrat d'estudi de l'actor Iscle Soler caracteritzat en el paper d'Anton Cadernera per a l'obra de teatre L'Aranya, d'Àngel Guimerà. Estrenada al Teatre Romea el 16 d'octubre de 1908",Barcelona,"Guimerà i Jorge, Àngel|Soler i Samsot, Iscle (actor)",https://static.arxiusenlinia.cultura.gencat.cat/active/GANC/NOTEXTUAL/1/1057/0/23/ANC_586808_377333.jpg,ANC_586808_377333.jpg,1908
Arxiu Nacional de Catalunya,RAFAEL AREÑAS(pare i fill),"Retrat de l'actor Iscle Soler caracteritzat en el paper de Manelich per a l'obra de teatreTerra baixa, d'Àngel Guimerà. Estrenada a Barcelona al Teatre Romea l'11 de maig de 1897",Barcelona,"Guimerà i Jorge, Àngel|Soler i Samsot, Iscle (actor)",https://static.arxiusenlinia.cultura.gencat.cat/active/GANC/NOTEXTUAL/1/1057/0/24/ANC_586809_377334.jpg,ANC_586809_377334.jpg,1897
Arxiu Nacional de Catalunya,RAFAEL AREÑAS(pare i fill),"Retrat de l'actor Iscle Soler caracteritzat en el paper de Manelich per a l'obra de teatreTerra baixa, d'Àngel Guimerà. Estrenada a Barcelona al Teatre Romea l'11 de maig de 1897",Barcelona,"Guimerà i Jorge, Àngel|Soler i Samsot, Iscle (actor)",https://static.arxiusenlinia.cultura.gencat.cat/active/GANC/NOTEXTUAL/1/1057/0/25/ANC_586810_377335.jpg,ANC_586810_377335.jpg,1897
Arxiu Nacional de Catalunya,RAFAEL AREÑAS(pare i fill),"Retrat de l'actor Iscle Soler caracteritzat en el paper de Manelich per a l'obra de teatreTerra baixa, d'Àngel Guimerà. Estrenada a Barcelona al Teatre Romea l'11 de maig de 1897",Barcelona,"Guimerà i Jorge, Àngel|Soler i Samsot, Iscle (actor)",https://static.arxiusenlinia.cultura.gencat.cat/active/GANC/NOTEXTUAL/1/1057/0/26/ANC_586811_377336.jpg,ANC_586811_377336.jpg,1897
Arxiu Nacional de Catalunya,RAFAEL AREÑAS(pare i fill),"Reproducció d'un retrat de l'actor de teatre Iscle Soler al quaranta anys, Barcelona",Barcelona,"Soler i Samsot, Iscle (actor)",https://static.arxiusenlinia.cultura.gencat.cat/active/GANC/NOTEXTUAL/1/1057/0/40/ANC_586827_377350.jpg,ANC_586827_377350.jpg,1883
Arxiu Nacional de Catalunya,RAFAEL AREÑAS(pare i fill),"Retrat de l'actor de teatre Iscle Soler amb el seu net, Barcelona",,"Soler i Samsot, Iscle (actor)",https://static.arxiusenlinia.cultura.gencat.cat/active/GANC/NOTEXTUAL/1/1057/0/41/ANC_586828_377351.jpg,ANC_586828_377351.jpg,1910
Arxiu Nacional de Catalunya,RAFAEL AREÑAS(pare i fill),"L'actor de teatre Iscle Soler amb els escriptors teatrals Joan Puig i Ferreter i Ramon Ramon Vidales, Barcelona",Barcelona,"Puig i Ferreter, Joan (escriptor)|Soler i Samsot, Iscle (actor)|Ramon Vidales, Ramon (autor teatral)",https://static.arxiusenlinia.cultura.gencat.cat/active/GANC/NOTEXTUAL/1/1057/0/42/ANC_586821_377352.jpg,ANC_586821_377352.jpg,1910
Arxiu Nacional de Catalunya,RAFAEL AREÑAS(pare i fill),"Retrat de l'actor Iscle Soler caracteritzat en el paper de Don Dimas per a l'obra de teatre L'apotecari d'Olot, de Frederic Soler. Estrenada al Teatre Romea el 28 de setembre de 1871",Barcelona,"Soler i Hubert, Frederic (Serafí Pitarra)|Soler i Samsot, Iscle (actor)",https://static.arxiusenlinia.cultura.gencat.cat/active/GANC/NOTEXTUAL/1/1057/0/6/ANC_586791_377316.jpg,ANC_586791_377316.jpg,1871
Arxiu Nacional de Catalunya,RAFAEL AREÑAS(pare i fill),"Retrat d'estudi de l'actor Iscle Soler caracteritzat en el paper de Baró de Santa Agnés per a l'obra de teatre La dida, de Frederic Soler. Estrenada al Teatre Romea el 28 d'octubre de 1872",Barcelona,"Soler i Hubert, Frederic (Serafí Pitarra)|Soler i Samsot, Iscle (actor)",https://static.arxiusenlinia.cultura.gencat.cat/active/GANC/NOTEXTUAL/1/1057/0/9/ANC_586794_377319.jpg,ANC_586794_377319.jpg,1872
Arxiu Nacional de Catalunya,COL·LECCIÓ FOTOGRÀFICA DE TEATRE DE JAUME I MARC ROIG,"Retrat de l'actor Iscle Soler caracteritzat  en el paper de Don Dimas per a  l'obra de teatre L'apotecari d'Olot de Frederic Soler. Estrenada al Teatre Romea el 28 de setembre de 1871, Barcelona",Barcelona,"Soler i Hubert, Frederic (Serafí Pitarra)|Soler i Samsot, Iscle (actor)",https://static.arxiusenlinia.cultura.gencat.cat/active/GANC/NOTEXTUAL/1/1078/0/100/ANC_587128_379107.jpg,ANC_587128_379107.jpg,1871
Arxiu Nacional de Catalunya,COL·LECCIÓ FOTOGRÀFICA DE TEATRE DE JAUME I MARC ROIG,"Retrat d'estudi de l'actor Iscle Soler caracteritzat en el paper de Baró de Santa Agnés per a l'obra de teatre La dida, de Frederic Soler. Estrenada al Teatre Romea el 28 d'octubre de 1872",Barcelona,"Soler i Hubert, Frederic (Serafí Pitarra)|Soler i Samsot, Iscle (actor)",https://static.arxiusenlinia.cultura.gencat.cat/active/GANC/NOTEXTUAL/1/1078/0/101/ANC_587129_379108.jpg,ANC_587129_379108.jpg,1872
Arxiu Nacional de Catalunya,COL·LECCIÓ FOTOGRÀFICA DE TEATRE DE JAUME I MARC ROIG,Retrat de l'actor Iscle Soler als 40 anys,Barcelona,"Soler i Samsot, Iscle (actor)",https://static.arxiusenlinia.cultura.gencat.cat/active/GANC/NOTEXTUAL/1/1078/0/102/ANC_587130_379110.jpg,ANC_587130_379110.jpg,1883
Arxiu Nacional de Catalunya,COL·LECCIÓ FOTOGRÀFICA DE TEATRE DE JAUME I MARC ROIG,Retrat de l'actor Iscle Soler als 45 anys,Barcelona,"Soler i Samsot, Iscle (actor)",https://static.arxiusenlinia.cultura.gencat.cat/active/GANC/NOTEXTUAL/1/1078/0/103/ANC_587131_379109.jpg,ANC_587131_379109.jpg,1888
Arxiu Nacional de Catalunya,COL·LECCIÓ FOTOGRÀFICA DE TEATRE DE JAUME I MARC ROIG,"Retrat de l'actor Iscle Soler caracteritzat en el paper de Joan Blancas per a l'obra de teatre Joan Blancas, de Francesc Ubach. Estrenada al Teatre Romea el 12 de febrer de 1880",Barcelona,"Soler i Samsot, Iscle (actor)|Ubach y Vinyeta, Francesc d'Assís (dramaturg)",https://static.arxiusenlinia.cultura.gencat.cat/active/GANC/NOTEXTUAL/1/1078/0/117/ANC_587145_379124.jpg,ANC_587145_379124.jpg,1880
Arxiu Nacional de Catalunya,COL·LECCIÓ FOTOGRÀFICA DE TEATRE DE JAUME I MARC ROIG,"Retrat de l'actor Iscle Soler caracteritzat en el paper de Simó per a l'obra de teatre La ma freda, de Francesc Ubach. Estrenada al Teatre Romea el 7 de març de 1878",Barcelona,"Soler i Samsot, Iscle (actor)|Ubach y Vinyeta, Francesc d'Assís (dramaturg)",https://static.arxiusenlinia.cultura.gencat.cat/active/GANC/NOTEXTUAL/1/1078/0/118/ANC_587146_379125.jpg,ANC_587146_379125.jpg,1878
Arxiu Nacional de Catalunya,COL·LECCIÓ FOTOGRÀFICA DE TEATRE DE JAUME I MARC ROIG,"Retrat de l'actor Iscle Soler caracteritzat en el paper de Cosme per a l'obra de teatre Una noia es per un rei, de Conrad Roure. Estrenada al Teatre l'Odeón l'any 1865 i al Teatre Romea el 29 de setembre de 1867.",Barcelona,"Soler i Samsot, Iscle (actor)|Roure i Bofill, Conrad (escriptor i dramaturg) (pseudònim Pau Bunyegas)",https://static.arxiusenlinia.cultura.gencat.cat/active/GANC/NOTEXTUAL/1/1078/0/119/ANC_587147_379126.jpg,ANC_587147_379126.jpg,1866
Arxiu Nacional de Catalunya,COL·LECCIÓ FOTOGRÀFICA DE TEATRE DE JAUME I MARC ROIG,"Retrat de l'actor Iscle Soler caracteritzat en el paper de Borni per a l'obra de teatre Els càntirs de Vilafranca, de Frederic Soler. Estrenada al Teatre Romea  el 12 de novembre de 1869",Barcelona,"Soler i Hubert, Frederic (Serafí Pitarra)|Soler i Samsot, Iscle (actor)",https://static.arxiusenlinia.cultura.gencat.cat/active/GANC/NOTEXTUAL/1/1078/0/120/ANC_587148_379127.jpg,ANC_587148_379127.jpg,1869
Arxiu Nacional de Catalunya,COL·LECCIÓ FOTOGRÀFICA DE TEATRE DE JAUME I MARC ROIG,"Retrat de l'actor Iscle Soler caracteritzat en el paper de Mestre Jan per a l'obra de teatre A la vora del mar, de Frederic Soler. Estrenada al Teatre Bon Retiro el 20 d'agost de 1876 i al Teatre Romea l'11 de desembre de 1876",Barcelona,"Soler i Hubert, Frederic (Serafí Pitarra)|Soler i Samsot, Iscle (actor)",https://static.arxiusenlinia.cultura.gencat.cat/active/GANC/NOTEXTUAL/1/1078/0/121/ANC_587149_379128.jpg,ANC_587149_379128.jpg,1876
Arxiu Nacional de Catalunya,COL·LECCIÓ FOTOGRÀFICA DE TEATRE DE JAUME I MARC ROIG,"Retrat de l'actor Iscle Soler caracteritzat en el paper de Sisó per a l'obra de teatre La Falç o lo cap de colla, de Frederic Soler i Francesc Pelagi Briz, estrenada al Teatre Romea el 21 de novembre de 1878",Barcelona,"Soler i Hubert, Frederic (Serafí Pitarra)|Soler i Samsot, Iscle (actor)|Briz i Fernández, Francesc Pelagi, 1839-1889",https://static.arxiusenlinia.cultura.gencat.cat/active/GANC/NOTEXTUAL/1/1078/0/96/ANC_587124_379103.jpg,ANC_587124_379103.jpg,1878
Arxiu Nacional de Catalunya,COL·LECCIÓ FOTOGRÀFICA DE TEATRE DE JAUME I MARC ROIG,"Retrat de l'actor Iscle Soler caracteritzat  en el apper de Tayeda per a l'obra de teatre Combats del cor, de Miquel Draper. Estrenada al Teatre Romea el 7 de febrer de 1879",Barcelona,"Soler i Samsot, Iscle (actor)|Draper i Batllori, Miquel",https://static.arxiusenlinia.cultura.gencat.cat/active/GANC/NOTEXTUAL/1/1078/0/97/ANC_587125_379104.jpg,ANC_587125_379104.jpg,1879
Arxiu Nacional de Catalunya,COL·LECCIÓ FOTOGRÀFICA DE TEATRE DE JAUME I MARC ROIG,"Retrat de l'actor Iscle Soler caracteritzat en el paper de Francesch per a l'obra de teatre Cofis i Mofis, de Josep Feliu i Codina. Estrenada al Teatre Romea l'1 d'abril de 1879",Barcelona,"Soler i Samsot, Iscle (actor)|Feliu i Codina, Josep, 1845-1897",https://static.arxiusenlinia.cultura.gencat.cat/active/GANC/NOTEXTUAL/1/1078/0/98/ANC_587126_379105.jpg,ANC_587126_379105.jpg,1879
Arxiu Nacional de Catalunya,COL·LECCIÓ FOTOGRÀFICA DE TEATRE DE JAUME I MARC ROIG,"Retrat de l'actor Iscle Soler caracteritzat  per a l'obra de teatre Joan Blancas, de Francesc Ubach. Estrenada al Teatre Romea el 12 de febrer de 1880",Barcelona,"Soler i Samsot, Iscle (actor)|Ubach y Vinyeta, Francesc d'Assís (dramaturg)",https://static.arxiusenlinia.cultura.gencat.cat/active/GANC/NOTEXTUAL/1/1078/0/99/ANC_587127_379106.jpg,ANC_587127_379106.jpg,1880
Arxiu Nacional de Catalunya,BRANGULÍ (FOTÒGRAFS),"Monument en memòria de l'actor Iscle Soler. Plaça Sant Agustí, Barcelona.",Barcelona,"Soler i Samsot, Iscle (actor)","https://static.arxiusenlinia.cultura.gencat.cat/active/GANC/NOTEXTUAL/1/42/25/25155/ANC_137523_139107,0000.jpg","ANC_137523_139107,0000.jpg",1922
Arxiu Nacional de Catalunya,BRANGULÍ (FOTÒGRAFS),"Monument en memòria de l'actor Iscle Soler. Plaça Sant Agustí, Barcelona.",Barcelona,"Soler i Samsot, Iscle (actor)",https://static.arxiusenlinia.cultura.gencat.cat/active/GANC/NOTEXTUAL/1/42/25/25157/ANC_137525_139106.jpg,ANC_137525_139106.jpg,1924
Arxiu Nacional de Catalunya,BRANGULÍ (FOTÒGRAFS),"Manuel Morales, alcalde de Barcelona i ex-actor, presideix l'acte d'inauguració del monument en memòria de l'actor Iscle Soler. Plaça Sant Agustí, Barcelona.",Barcelona,"Soler i Samsot, Iscle (actor)|Morales Pareja, Manuel","https://static.arxiusenlinia.cultura.gencat.cat/active/GANC/NOTEXTUAL/1/42/25/25158/ANC_137526_4038,0000.jpg","ANC_137526_4038,0000.jpg",1918
Arxiu Nacional de Catalunya,BRANGULÍ (FOTÒGRAFS),"Acte d'inauguració del monument en memòria de l'actor Iscle Soler. Plaça Sant Agustí, Barcelona.",Barcelona,"Soler i Samsot, Iscle (actor)","https://static.arxiusenlinia.cultura.gencat.cat/active/GANC/NOTEXTUAL/1/42/25/25159/ANC_137527_139105,0000.jpg","ANC_137527_139105,0000.jpg",1918
Arxiu Nacional de Catalunya,ANTONIO ESPLUGAS,Retrat de cos sencer de l'actor de teatre català Iscle Soler i Samsot catacteritzat,Barcelona,"Soler i Samsot, Iscle (actor)",https://static.arxiusenlinia.cultura.gencat.cat/active/GANC/NOTEXTUAL/1/402/7/7324/ANC_551287_386986.jpg,ANC_551287_386986.jpg,1905
Arxiu Nacional de Catalunya,JOSEP MARIA SAGARRA i PLANA,"Monument A Iscle Soler, obra de Pau Gargallo, a la plaça de Sant Agustí, a Barcelona.","Barcelona (Sant Agustí, plaça de)","Soler i Samsot, Iscle (actor)",https://static.arxiusenlinia.cultura.gencat.cat/active/GANC/NOTEXTUAL/1/585/12/12844/ANC_637068_622855.jpg,ANC_637068_622855.jpg,1924
Arxiu de Complement de l'Arxiu Comarcal de la Conca de Barberà,Col·lecció de fotografies de l'ACCB,"Primera fila, a baix, d'esquerra a dreta (els primers asseguts i els 3 últims drets): Josep Miró Potau; Facundo Florensa Roselló; Patricio Vilar Rosanes; Josep Barrot Romagosa; Ramon Contijoch Tomàs; Joan Gasull Andreu; Miquel Barrera Roset; Ramon Ballesté Busquets; Antonio Llobera; Ramon Llort Solé; ""Blanco, de Conesa"".. Entre la primera i la segona fila: M. Carmen Vilar Rosanes; Pilar Vilar Rosanes; Isidro Civit Roselló.. Segona fila, d'esquerra a dreta: Jordi Bosch Moncusí; Francisco Jordi (ca les Victòries); "" (?) de cal Carlets""; Jaume Contijoch Porta; Anton Andreu Casas; Jaume Ninot Tarda ""de cal Jaumet del Reia""; Jaume Duch Ninot; Antonio Contijoch ""de cal Asabet""; Ramon Llobera; Josep Sendra Civit.. Tercera fila, d'esquerra a dreta: Claudio Miró Contijoch; Antonio Llobera Casadevall; Josep Miró Contijoch; Sebastià Contijoch Porta; Joan Montserrat ""Escurçaire""; Joan Duch Ninot; Ramon Torrelles Ballesté; Carlos Sendra Civit; Francesc Ametllé Fabregat ""Paquito""; Ramon Anglès Potau. El mestre, Patrici Vilar Martí.. Quarta fila, d'esquerra a dreta: Joan Corbella ""Txerell Grau de Conesa""; Ton ""de ca la Malena de Conesa""; Josep Contijoch Ballesté; Salvador Contijoch Cuadras; Josep Potau Adset; (?) Corbella ""Txerell petit de Conesa""; Noel Sala Climent.. Cinquena fila, d'esquerra a dreta: Fernando Cabestany Civit; Isidro Roselló Pons; Joan Barrot Llobera; Josep Aluja Perelló; Jaume Santacana Ballesté; Josep ""de cal Gallart de Conesa""; Enric Miró ""de cal Jordano""; Josep M. Vidal Roig.",Rocafort de Queralt,,https://static.arxiusenlinia.cultura.gencat.cat/active/GIAC/NOTEXTUAL/311/14/0/404/ACCB_973529_311001430000404.jpg,ACCB_973529_311001430000404.jpg,1940
Arxiu de Complement de l'Arxiu Comarcal de la Conca de Barberà,Col·lecció de fotografies de l'ACCB,"A la primera fila, baix, d'esquerra a dreta: Ramon Torrelles Ballesté; Conrad Corbella Andreu; Sebastià Contijoch Porta; Josep Contijoch Ballesté; Antonio Llobera Casadevall, de cal Gat; Patrici Vilar Rosanes; Joan Farré; Josep Sendra Civit i Carlos Sendra Civit.. A la segona fila, d'esquerra a dreta: Joan Cuadres Benet; Joan Anglès Gibert; Josep Aluja Perelló, de cal Coix del Quima; Eugeni Sendra Civit; Joan Barrot Llobera; un nen de cal Busquets; Joan Torrelles, de cal Gili; Enric Miró Tarragó, de cal Jordano i Josep Tomàs Graells.. A la tercera fila, d'esquerra a dreta: Patrici Vilar Martí (mestre); Isidro Roselló Pons; Salvador Contijoch Cuadres, de cal Rafalet; Anton Jové Tarragó, de cal Groc; Jaume Santacana Ballesté; Caselles petit (vivien a cal Mironet però eren de fora); Josep Giné Miró, de cal Toia; Lluís (família del menut del Violenc); Ramon Contijoch Ballesté; Ramon Inglès Potau i Ramon Cabestany Civit. . A la quarta fila: Amador Miró Tarragó; Isidro Civit Contijoch; Roc Miró, de cal Cànim; Isidro Contjoch Porta; Miquel Mateu Inglès; Joan Bolumar Sànchez; Conrad Romagosa Andreu; Antoni Tomàs Carnisser i Joan Ninot Contijoch.. A la fila de dalt: Pere Ninot Balcells; Ramon Móra Tomàs; Ramon Andreu Miró; Josep M. Civit Contijoch; Francisco Bosch Castells, à. Ventureta; Caselles gran; Joan Trisant Pascual; Anton Ballesté Corbella i Albert Miralles Inglès.. . (Identificats per Carlos Sendra Civit).",Rocafort de Queralt,,https://static.arxiusenlinia.cultura.gencat.cat/active/GIAC/NOTEXTUAL/311/14/0/439/ACCB_1017095_311001430000439.jpg,ACCB_1017095_311001430000439.jpg,1935
Arxiu Comarcal Baix Llobregat,Col·lecció d'imatges del Baix Llobregat de l'Arxiu,"Visió frontal en pla general d'un grup de nens mudats amb banderes, a la festa de final de curs de la guarderia de les monges Vetlladores, o les Carmelites Descalces de Sant Josep. Estan fent una actuació i al fons es veuen els pares, les mares i un grup de tres religiosos amb sotana, que contemplen la festa. Apareixen, d'esquerra a dreta, el tercer dels nens, Lluís Castells; el cinquè, Jordi Florensa; el sisè, Josep Maria Pi i Cano; el novè, Mateu Ribas, i el desè, Ramon Torrijos. D'entre els religiosos, el que està a l'esquerra de tot és el pare Mariano Bustillo, del col·legi Verge de la Salut o els ""Padres"".","Sant Feliu de Llobregat (Josep Maria de Molina, passeig de)",,https://static.arxiusenlinia.cultura.gencat.cat/active/GIAC/NOTEXTUAL/50/57/0/467/ACBL_1236744_050005730000467.jpg,ACBL_1236744_050005730000467.jpg,1905
Arxiu de Complement de l'Arxiu Comarcal del Baix Llobregat,Col·lecció d'imatges ciutadanes de Sant Feliu de Llobregat de l'Arxiu,"Equip infantil del Santfeliuenc FC, al camp de futbol de la Pineda. D'esquerra a dreta i primera fila: 1. Sergi Tarrat Prat, 2. Joan Giralt Font, 3. Felip López, 4. Emilio Villa Oliver, 5. ?, 6. Antoni Oliver, 7. Enric Balagué. Segona fila: 1. Willy Herzog, 2. Jaume Rius, 3. Elies Coca, 4. Miquel Hernández, 5. Ramon Torras, 6. Carlos Carbonell, 7. Salvador Malagarriga, 8. Vicenç Poch, 9. Vivia al carrer de Sant Llorenç. Informa: Eulàlia Grau Parellada.","Sant Feliu de Llobregat (Doctor Behring, plaça del)",,https://static.arxiusenlinia.cultura.gencat.cat/active/GIAC/NOTEXTUAL/51/90/9/9283/ACBL_285037_051009030009283.jpg,ACBL_285037_051009030009283.jpg,1941
Arxiu Nacional de Catalunya,JOSEP MARIA SAGARRA i PLANA,"Els toreros Marcial Lalanda, Pedro Basauri, conegut professionalment com a Pedrucho, Ramon Torres, Rafael Varela, conegut com a Rafaelillo, i Antonio Marcet, saluden abans d'iniciar una corrida celebrada durant els actes de l'Exposició Internacional de Barcelona, a la plaça Major del Poble Espanyol, Barcelona. A la dreta, tres fotògrafs.",Barcelona,"Lalanda, Marcial (torero)|Poble Espanyol|Marcet, Antonio (torero)|Torres, Ramon (torero)|Basauri Paguaga, Pedro (Pedrucho)|Varela, Rafael (Rafaelillo)",https://static.arxiusenlinia.cultura.gencat.cat/active/GANC/NOTEXTUAL/1/585/7/7340/ANC_610900_627130.jpg,ANC_610900_627130.jpg,1929
Arxiu Nacional de Catalunya,JOSEP MARIA SAGARRA i PLANA,"Un torero no identificat repta un toro durant una corrida celebrada dins dels actes de l'Exposició Internacional de Barcelona, a la plaça Major del Poble Espanyol, Barcelona. Hi van actuar Marcial Lalanda, Pedro Basauri, conegut professionalment com a Pedrucho, Ramon Torres, Rafael Varela, conegut com a Rafaelillo, i Antonio Marcet.",Barcelona,"Lalanda, Marcial (torero)|Poble Espanyol|Marcet, Antonio (torero)|Torres, Ramon (torero)|Basauri Paguaga, Pedro (Pedrucho)|Varela, Rafael (Rafaelillo)",https://static.arxiusenlinia.cultura.gencat.cat/active/GANC/NOTEXTUAL/1/585/7/7341/ANC_610901_627131.jpg,ANC_610901_627131.jpg,1929
Arxiu Nacional de Catalunya,JOSEP MARIA SAGARRA i PLANA,"Un torero no identificat durant una corrida celebrada dins dels actes de l'Exposició Internacional de Barcelona, a la plaça Major del Poble Espanyol, Barcelona. Hi van actuar Marcial Lalanda, Pedro Basauri, conegut professionalment com a Pedrucho, Ramon Torres, Rafael Varela, conegut com a Rafaelillo, i Antonio Marcet.",Barcelona,"Lalanda, Marcial (torero)|Poble Espanyol|Marcet, Antonio (torero)|Torres, Ramon (torero)|Basauri Paguaga, Pedro (Pedrucho)|Varela, Rafael (Rafaelillo)",https://static.arxiusenlinia.cultura.gencat.cat/active/GANC/NOTEXTUAL/1/585/7/7342/ANC_610902_627132.jpg,ANC_610902_627132.jpg,1929
Arxiu Nacional de Catalunya,JOSEP MARIA SAGARRA i PLANA,"Els toreros Marcial Lalanda, Pedro Basauri, conegut professionalment com a Pedrucho, Ramon Torres, Rafael Varela, conegut com a Rafaelillo, i Antonio Marcet, acompanyats per un nen, surten a la plaça per iniciar una corrida de toros celebrada durant els actes de l'Exposició Internacional de Barcelona, a la plaça Major del Poble Espanyol, Barcelona. A la dreta, un fotògraf arrenca a còrrer.",Barcelona,"Lalanda, Marcial (torero)|Poble Espanyol|Marcet, Antonio (torero)|Torres, Ramon (torero)|Basauri Paguaga, Pedro (Pedrucho)|Varela, Rafael (Rafaelillo)",https://static.arxiusenlinia.cultura.gencat.cat/active/GANC/NOTEXTUAL/1/585/7/7346/ANC_610906_627136.jpg,ANC_610906_627136.jpg,1929
Arxiu Nacional de Catalunya,JOSEP MARIA SAGARRA i PLANA,"Retrat d'uns toreros abans d'iniciar una corrida celebrada durant els actes de l'Exposició Internacional de Barcelona, a la plaça Major del Poble Espanyol, Barcelona. Els dos primers de la dreta són Ramon Torres i Marcial Lalanda i el quart per la dreta, Pedro Basauri, conegut professionalment com a Pedrucho. Entre els altres hi ha, probablement, Rafael Varela, conegut com a Rafaelillo, i Antonio Marcet.",Barcelona,"Lalanda, Marcial (torero)|Poble Espanyol|Marcet, Antonio (torero)|Torres, Ramon (torero)|Basauri Paguaga, Pedro (Pedrucho)|Varela, Rafael (Rafaelillo)",https://static.arxiusenlinia.cultura.gencat.cat/active/GANC/NOTEXTUAL/1/585/7/7347/ANC_610907_627137.jpg,ANC_610907_627137.jpg,1929
Arxiu Nacional de Catalunya,JOSEP MARIA SAGARRA i PLANA,"Corrida de toros a la plaça Major del Poble Espanyol, celebrada durant els actes de l'Exposició Internacional de Barcelona. Els toreros que participen són Marcial Lalanda, Pedro Basauri, conegut professionalment com a Pedrucho, Ramon Torres, Rafael Varela, conegut com a Rafaelillo, i Antonio Marcet. Barcelona.",Barcelona,"Lalanda, Marcial (torero)|Poble Espanyol|Marcet, Antonio (torero)|Torres, Ramon (torero)|Basauri Paguaga, Pedro (Pedrucho)",https://static.arxiusenlinia.cultura.gencat.cat/active/GANC/NOTEXTUAL/1/585/7/7348/ANC_610908_627138.jpg,ANC_610908_627138.jpg,1929
Arxiu Nacional de Catalunya,JOSEP MARIA SAGARRA i PLANA,"Un torero no identificat clava dues banderilles a un toro durant una corrida celebrada dins dels actes de l'Exposició Internacional de Barcelona, a la plaça Major del Poble Espanyol, Barcelona. Hi van actuar Marcial Lalanda, Pedro Basauri, conegut professionalment com a Pedrucho, Ramon Torres, Rafael Varela, conegut com a Rafaelillo, i Antonio Marcet.",Barcelona,"Lalanda, Marcial (torero)|Poble Espanyol|Marcet, Antonio (torero)|Torres, Ramon (torero)|Basauri Paguaga, Pedro (Pedrucho)",https://static.arxiusenlinia.cultura.gencat.cat/active/GANC/NOTEXTUAL/1/585/7/7349/ANC_610909_627139.jpg,ANC_610909_627139.jpg,1929
Arxiu Nacional de Catalunya,JOSEP MARIA SAGARRA i PLANA,"Un torero no identificat durant una corrida celebrada dins dels actes de l'Exposició Internacional de Barcelona, a la plaça Major del Poble Espanyol, Barcelona. Hi van actuar Marcial Lalanda, Pedro Basauri, conegut professionalment com a Pedrucho, Ramon Torres, Rafael Varela, conegut com a Rafaelillo, i Antonio Marcet.",Barcelona,"Lalanda, Marcial (torero)|Poble Espanyol|Marcet, Antonio (torero)|Torres, Ramon (torero)|Basauri Paguaga, Pedro (Pedrucho)",https://static.arxiusenlinia.cultura.gencat.cat/active/GANC/NOTEXTUAL/1/585/7/7350/ANC_610910_627140.jpg,ANC_610910_627140.jpg,1929
Arxiu Nacional de Catalunya,JOSEP MARIA SAGARRA i PLANA,"Retrat d'uns toreros abans d'iniciar una corrida celebrada durant els actes de l'Exposició Internacional de Barcelona, a la plaça Major del Poble Espanyol, Barcelona. El quart per l'esquerra, amb barret cordovès, és Ramon Torres, el sisè, Marcial Lalanda i el setè, Pedro Basauri, conegut professionalment com a Pedrucho. Entre els altres, probablement, hi ha Rafael Varela, conegut com a Rafaelillo, i Antonio Marcet.",Barcelona,"Lalanda, Marcial (torero)|Poble Espanyol|Marcet, Antonio (torero)|Torres, Ramon (torero)|Basauri Paguaga, Pedro (Pedrucho)",https://static.arxiusenlinia.cultura.gencat.cat/active/GANC/NOTEXTUAL/1/585/7/7351/ANC_610911_627141.jpg,ANC_610911_627141.jpg,1929
Arxiu Nacional de Catalunya,JOSEP MARIA SAGARRA i PLANA,"Els toreros Marcial Lalanda, Pedro Basauri, conegut professionalment com a Pedrucho, Ramon Torres, Rafael Varela, conegut com a Rafaelillo, i Antonio Marcet, a cavall, acompanyats per un nen, surten a la plaça per iniciar una corrida de toros celebrada durant els actes de l'Exposició Internacional de Barcelona, a la plaça Major del Poble Espanyol, Barcelona.",Barcelona,"Lalanda, Marcial (torero)|Poble Espanyol|Marcet, Antonio (torero)|Torres, Ramon (torero)|Basauri Paguaga, Pedro (Pedrucho)",https://static.arxiusenlinia.cultura.gencat.cat/active/GANC/NOTEXTUAL/1/585/7/7352/ANC_610912_627142.jpg,ANC_610912_627142.jpg,1929
Arxiu Nacional de Catalunya,JOSEP MARIA SAGARRA i PLANA,"Un torero no identificat durant una corrida celebrada dins dels actes de l'Exposició Internacional de Barcelona, a la plaça Major del Poble Espanyol, Barcelona. Hi van actuar Marcial Lalanda, Pedro Basauri, conegut professionalment com a Pedrucho, Ramon Torres, Rafael Varela, conegut com a Rafaelillo, i Antonio Marcet.",Barcelona,"Lalanda, Marcial (torero)|Poble Espanyol|Marcet, Antonio (torero)|Torres, Ramon (torero)|Basauri Paguaga, Pedro (Pedrucho)",https://static.arxiusenlinia.cultura.gencat.cat/active/GANC/NOTEXTUAL/1/585/7/7353/ANC_610913_627143.jpg,ANC_610913_627143.jpg,1929
Arxiu Nacional de Catalunya,JOSEP MARIA SAGARRA i PLANA,"Un torero no identificat mira com un toro, al qual acava de clavar una espasa cau durant una corrida celebrada dins dels actes de l'Exposició Internacional de Barcelona, a la plaça Major del Poble Espanyol, Barcelona. Hi van actuar Marcial Lalanda, Pedro Basauri, conegut professionalment com a Pedrucho, Ramon Torres, Rafael Varela, conegut com a Rafaelillo, i Antonio Marcet.",Barcelona,"Lalanda, Marcial (torero)|Poble Espanyol|Marcet, Antonio (torero)|Torres, Ramon (torero)|Basauri Paguaga, Pedro (Pedrucho)",https://static.arxiusenlinia.cultura.gencat.cat/active/GANC/NOTEXTUAL/1/585/7/7354/ANC_610914_627144.jpg,ANC_610914_627144.jpg,1929
Arxiu Nacional de Catalunya,JOSEP MARIA SAGARRA i PLANA,"Corrida de toros a la plaça Major del Poble Espanyol, celebrada durant els actes de l'Exposició Internacional de Barcelona. Probablement els toreros que participen són Marcial Lalanda, Pedro Basauri, conegut professionalment com a Pedrucho, Ramon Torres, Rafael Varela, conegut com a Rafaelillo, i Antonio Marcet. Barcelona.",Barcelona,"Lalanda, Marcial (torero)|Poble Espanyol|Marcet, Antonio (torero)|Torres, Ramon (torero)|Basauri Paguaga, Pedro (Pedrucho)",https://static.arxiusenlinia.cultura.gencat.cat/active/GANC/NOTEXTUAL/1/585/7/7355/ANC_610915_619320.jpg,ANC_610915_619320.jpg,1930
Arxiu Nacional de Catalunya,JOSEP MARIA SAGARRA i PLANA,"Corrida de toros a la plaça Major del Poble Espanyol, celebrada durant els actes de l'Exposició Internacional de Barcelona. Probablement els toreros que participen són Marcial Lalanda, Pedro Basauri, conegut professionalment com a Pedrucho, Ramon Torres, Rafael Varela, conegut com a Rafaelillo, i Antonio Marcet. Barcelona.",Barcelona,"Lalanda, Marcial (torero)|Poble Espanyol|Marcet, Antonio (torero)|Torres, Ramon (torero)|Basauri Paguaga, Pedro (Pedrucho)",https://static.arxiusenlinia.cultura.gencat.cat/active/GANC/NOTEXTUAL/1/585/7/7356/ANC_610916_619321.jpg,ANC_610916_619321.jpg,1930
Arxiu Nacional de Catalunya,JOSEP MARIA SAGARRA i PLANA,"Corrida de toros a la plaça Major del Poble Espanyol, celebrada durant els actes de l'Exposició Internacional de Barcelona. Probablement els toreros que participen són Marcial Lalanda, Pedro Basauri, conegut professionalment com a Pedrucho, Ramon Torres, Rafael Varela, conegut com a Rafaelillo, i Antonio Marcet. Barcelona.",Barcelona,"Lalanda, Marcial (torero)|Poble Espanyol|Marcet, Antonio (torero)|Torres, Ramon (torero)|Basauri Paguaga, Pedro (Pedrucho)",https://static.arxiusenlinia.cultura.gencat.cat/active/GANC/NOTEXTUAL/1/585/7/7357/ANC_610917_619322.jpg,ANC_610917_619322.jpg,1930
Arxiu Nacional de Catalunya,BRANGULÍ (FOTÒGRAFS),"Retrat de Josep de Lasarte i Ramon Torresen la recepció al ciclista Vicenç Trueba, acompanyat de la seva dona, a la seu del diari El Diluvio, Barcelona.",Barcelona,"Torres, Ramon|Lasarte, Joan de|El Diluvio (diari)|Trueba, Vicente (ciclista)",https://static.arxiusenlinia.cultura.gencat.cat/active/GANC/NOTEXTUAL/1/42/9/9175/121543_1.jpg,121543_1.jpg,1934
Arxiu Nacional de Catalunya,GABRIEL CASAS i GALOBARDES,"Targeta postal de promoció del torero Ramon Torres, amb un fotomuntatge: d'una banda, una fotografia en primer pla del torero, obra de Gabriel Casas. De l'altra, set dibuixos obra de Tomàs [Puyuelo].",,"Torres, Ramon (torero)",https://static.arxiusenlinia.cultura.gencat.cat/active/GANC/NOTEXTUAL/1/5/10/10064/ANC_164216_202353.jpg,ANC_164216_202353.jpg,1930
Arxiu Nacional de Catalunya,GABRIEL CASAS i GALOBARDES,"Retrat d'estudi del futbolista Ramon Torralba, de mig cos, amb la samarreta del Futbol Club Barcelona",Barcelona,"Futbol Club Barcelona|Torralba, Ramon (futbolista)",https://static.arxiusenlinia.cultura.gencat.cat/active/GANC/NOTEXTUAL/1/5/1/1098/ANC_155251_156381.jpg,ANC_155251_156381.jpg,1925
Arxiu Nacional de Catalunya,GABRIEL CASAS i GALOBARDES,Retrat de cos sencer del futbolista Ramon Torralba amb la indumentària del Futbol Club Barcelona.,Barcelona,"Futbol Club Barcelona|Torralba, Ramon (futbolista)",https://static.arxiusenlinia.cultura.gencat.cat/active/GANC/NOTEXTUAL/1/5/1/1109/ANC_155262_156392.jpg,ANC_155262_156392.jpg,1920
Arxiu Nacional de Catalunya,GABRIEL CASAS i GALOBARDES,"Retrat d'estudi del futbolista Ramon Torralba, de mig cos, amb la samarreta del Futbol Club Barcelona",Barcelona,"Futbol Club Barcelona|Torralba, Ramon (futbolista)",https://static.arxiusenlinia.cultura.gencat.cat/active/GANC/NOTEXTUAL/1/5/1/1197/ANC_155350_156480.jpg,ANC_155350_156480.jpg,1925
Arxiu Nacional de Catalunya,GABRIEL CASAS i GALOBARDES,"Retrat d'estudi del torero Ramon Torres, assegut, de tres quarts.",,"Torres, Ramon (torero)",https://static.arxiusenlinia.cultura.gencat.cat/active/GANC/NOTEXTUAL/1/5/15/15893/ANC_170045_209193.jpg,ANC_170045_209193.jpg,1930
Arxiu Nacional de Catalunya,GABRIEL CASAS i GALOBARDES,"Retrat d'estudi del torero Ramon Torres, de mig cos, amb barret cordovès.",,"Torres, Ramon (torero)",https://static.arxiusenlinia.cultura.gencat.cat/active/GANC/NOTEXTUAL/1/5/16/16051/ANC_170203_209351.jpg,ANC_170203_209351.jpg,1930
Arxiu Nacional de Catalunya,GABRIEL CASAS i GALOBARDES,"Passejada inicial dels toreros participants en una corrida celebrada a la Plaça Major del Poble Espanyol, durant els actes de l'Exposició Internacional de Barcelona. Els torers són Marcial Lalanda, ""Pedrucho"", Ramon Torres i, a cavall, Antonio Marcet.",Barcelona (Poble Espanyol),"Lalanda, Marcial (torero)|Pedrucho (torero) veure Basauri Paguaga, Pedro|Poble Espanyol|Marcet, Antonio (torero)|Torres, Ramon (torero)",https://static.arxiusenlinia.cultura.gencat.cat/active/GANC/NOTEXTUAL/1/5/0/168/ANC_154321_230402.jpg,ANC_154321_230402.jpg,1929
Arxiu Nacional de Catalunya,GABRIEL CASAS i GALOBARDES,"Toreros participants en una corrida celebrada a la Plaça Major del Poble Espanyol, durant els actes de l'Exposició Internacional de Barcelona. Els torers són Marcial Lalanda, Pedrucho, Ramon Torres i, a cavall, Antonio Marcet.",Barcelona (Poble Espanyol),"Lalanda, Marcial (torero)|Pedrucho (torero) veure Basauri Paguaga, Pedro|Poble Espanyol|Marcet, Antonio (torero)|Torres, Ramon (torero)",https://static.arxiusenlinia.cultura.gencat.cat/active/GANC/NOTEXTUAL/1/5/0/169/ANC_154322_230403.jpg,ANC_154322_230403.jpg,1929
Arxiu Nacional de Catalunya,GABRIEL CASAS i GALOBARDES,"Retrat dels jugadors del Futbol Club Barcelona amb motiu d'un partit de futbol disputat en un camp no identificat, [a Barcelona]. Dempeus, començant per l'esquerra, el segon, [Ramon Torralba]; el tercer, [Agustín Sancho]; el quart, Paulino Alcántara; el sisè, [Vicente Martínez].",Barcelona,"Alcántara Riesta, Paulino|Futbol Club Barcelona|Torralba, Ramon (futbolista)|Martínez Moreno, Vicente (futbolista)|Sancho Agustina, Agustín (futbolista)",https://static.arxiusenlinia.cultura.gencat.cat/active/GANC/NOTEXTUAL/1/5/17/17105/ANC_171257_210405.jpg,ANC_171257_210405.jpg,1920
Arxiu Nacional de Catalunya,GABRIEL CASAS i GALOBARDES,"Un grup de fotògrafs fotografien els toreros participants en una corrida celebrada a la Plaça Major del Poble Espanyol, durant els actes de l'Exposició Internacional de Barcelona. Els torers són Pedrucho, Marcial Lalanda, i Ramon Torres. I, a cavall, Antonio Marcet.",Barcelona (Poble Espanyol),"Lalanda, Marcial (torero)|Pedrucho (torero) veure Basauri Paguaga, Pedro|Poble Espanyol|Marcet, Antonio (torero)|Torres, Ramon (torero)",https://static.arxiusenlinia.cultura.gencat.cat/active/GANC/NOTEXTUAL/1/5/0/172/ANC_154325_230406.jpg,ANC_154325_230406.jpg,1929
Arxiu Nacional de Catalunya,GABRIEL CASAS i GALOBARDES,"Toreros participants en una corrida celebrada a la Plaça Major del Poble Espanyol, durant els actes de l'Exposició Internacional de Barcelona. Els toreros són Marcial Lalanda, Pedrucho, Ramon Torres i Antonio Marcet.",Barcelona (Poble Espanyol),"Lalanda, Marcial (torero)|Pedrucho (torero) veure Basauri Paguaga, Pedro|Poble Espanyol|Marcet, Antonio (torero)|Torres, Ramon (torero)",https://static.arxiusenlinia.cultura.gencat.cat/active/GANC/NOTEXTUAL/1/5/0/174/ANC_154327_230408.jpg,ANC_154327_230408.jpg,1929
Arxiu Nacional de Catalunya,GABRIEL CASAS i GALOBARDES,"Tres toreros participants en una corrida celebrada a la Plaça Major del Poble Espanyol, durant els actes de l'Exposició Internacional de Barcelona. [Els toreros són Marcial Lalanda, Pedrucho i Ramon Torres].",Barcelona (Poble Espanyol),"Lalanda, Marcial (torero)|Pedrucho (torero) veure Basauri Paguaga, Pedro|Poble Espanyol|Torres, Ramon (torero)",https://static.arxiusenlinia.cultura.gencat.cat/active/GANC/NOTEXTUAL/1/5/0/175/ANC_154328_230409.jpg,ANC_154328_230409.jpg,1929
Arxiu Nacional de Catalunya,GABRIEL CASAS i GALOBARDES,"Desfilada dels participants en una corrida de toros goyesca celebrada en la plaça de toros Monumental de Barcelona. Els toreros són Chicuelo, Marcial Lalanda i Ramon Torres i el torero a cavall Antonio Cañero.","Barcelona (Monumental, plaça de toros)","Plaça de Toros Monumental de Barcelona|Lalanda, Marcial (torero)|Torres, Ramon (torero)|Cañero, Antonio (torero a cavall)|Chicuelo (torero) (ver Jiménez, Manuel)",https://static.arxiusenlinia.cultura.gencat.cat/active/GANC/NOTEXTUAL/1/5/19/19007/ANC_190659_410666.jpg,ANC_190659_410666.jpg,1929
Arxiu Nacional de Catalunya,GABRIEL CASAS i GALOBARDES,"El torero Ramon Torres toreja durant una corrida de toros celebrada a la Plaça Major del Poble Espanyol, [durant els actes de l'Exposició Internacional de Barcelona de 1929].",Barcelona (Montjuïc. Poble Espanyol.),"Torres, Ramon (torero)",https://static.arxiusenlinia.cultura.gencat.cat/active/GANC/NOTEXTUAL/1/5/19/19056/ANC_190715_410705.jpg,ANC_190715_410705.jpg,1929
Arxiu Nacional de Catalunya,GABRIEL CASAS i GALOBARDES,"El torero [Ramon Torres] clava l'espasa a un toro durant una corrida de toros [celebrada a la Plaça Major del Poble Espanyol, durant els actes de l'Exposició Internacional de Barcelona de 1929].",Barcelona,"Poble Espanyol|Torres, Ramon (torero)",https://static.arxiusenlinia.cultura.gencat.cat/active/GANC/NOTEXTUAL/1/5/19/19057/ANC_190716_410706.jpg,ANC_190716_410706.jpg,1929
Arxiu Nacional de Catalunya,GABRIEL CASAS i GALOBARDES,"Corrida de toros celebrada a la Plaça Major del Poble Espanyol, durant els actes de l'Exposició Internacional de Barcelona de 1929. Els toreros són Marcial Lalanda, Pedrucho, Ramon Torres i Antonio Marcet.",Barcelona (Montjuïc. Poble Espanyol),"Lalanda, Marcial (torero)|Pedrucho (torero) veure Basauri Paguaga, Pedro|Poble Espanyol|Marcet, Antonio (torero)|Torres, Ramon (torero)","https://static.arxiusenlinia.cultura.gencat.cat/active/GANC/NOTEXTUAL/1/5/19/19073/ANC_190733_410720,0001.jpg","ANC_190733_410720,0001.jpg",1929
Arxiu Nacional de Catalunya,GABRIEL CASAS i GALOBARDES,"Corrida de toros celebrada a la Plaça Major del Poble Espanyol, durant els actes de l'Exposició Internacional de Barcelona de 1929. Els toreros són Marcial Lalanda, Pedrucho, Ramon Torres i Antonio Marcet.",Barcelona (Montjuïc. Poble Espanyol),"Lalanda, Marcial (torero)|Pedrucho (torero) veure Basauri Paguaga, Pedro|Poble Espanyol|Marcet, Antonio (torero)|Torres, Ramon (torero)","https://static.arxiusenlinia.cultura.gencat.cat/active/GANC/NOTEXTUAL/1/5/19/19073/ANC_190733_410720,0002.jpg","ANC_190733_410720,0002.jpg",1929
Arxiu Nacional de Catalunya,GABRIEL CASAS i GALOBARDES,"Corrida de toros celebrada a la plaça Major del Poble Espanyol, durant els actes de l'Exposició Internacional de Barcelona de 1929. Els toreros són Marcial Lalanda, Pedrucho, Ramon Torres i Antonio Marcet.",Barcelona (Montjuïc. Poble Espanyol),"Lalanda, Marcial (torero)|Pedrucho (torero) veure Basauri Paguaga, Pedro|Poble Espanyol|Marcet, Antonio (torero)|Torres, Ramon (torero)","https://static.arxiusenlinia.cultura.gencat.cat/active/GANC/NOTEXTUAL/1/5/19/19074/ANC_190734_410721,0001.jpg","ANC_190734_410721,0001.jpg",1929
Arxiu Nacional de Catalunya,GABRIEL CASAS i GALOBARDES,"Corrida de toros celebrada a la plaça Major del Poble Espanyol, durant els actes de l'Exposició Internacional de Barcelona de 1929. Els toreros són Marcial Lalanda, Pedrucho, Ramon Torres i Antonio Marcet.",Barcelona (Montjuïc. Poble Espanyol),"Lalanda, Marcial (torero)|Pedrucho (torero) veure Basauri Paguaga, Pedro|Poble Espanyol|Marcet, Antonio (torero)|Torres, Ramon (torero)","https://static.arxiusenlinia.cultura.gencat.cat/active/GANC/NOTEXTUAL/1/5/19/19074/ANC_190734_410721,0002.jpg","ANC_190734_410721,0002.jpg",1929
Arxiu Nacional de Catalunya,FOTO-PIC (Arxiu Pere Català),"Retrat de l'actor i poeta Ramon Tor i Deseures, probablement a l'estudi dels Català de Barcelona.","Barcelona (Carrer del Pi, 13)",,"https://static.arxiusenlinia.cultura.gencat.cat/active/GANC/NOTEXTUAL/1/1236/10/10575/ANC_1230720_1036187,0001.jpg","ANC_1230720_1036187,0001.jpg",1941
Arxiu Nacional de Catalunya,FOTO-PIC (Arxiu Pere Català),"Retrat de l'actor i poeta Ramon Tor i Deseures, probablement a l'estudi dels Català de Barcelona.","Barcelona (Carrer del Pi, 13)",,"https://static.arxiusenlinia.cultura.gencat.cat/active/GANC/NOTEXTUAL/1/1236/10/10575/ANC_1230720_1036187,0002.jpg","ANC_1230720_1036187,0002.jpg",1941
Arxiu Nacional de Catalunya,BERT I CLARET (FOTOPERIODISTES),"El ciclista Jaume Janer a una cursa cilista acompanyat del periodista i fundador de la Unió Esportiva de Sants, de la Ramon Torres, entre altres.",,"Janer, Jaume (ciclista)|Torres i Casanovas, Ramon (periodista)",https://static.arxiusenlinia.cultura.gencat.cat/active/GANC/NOTEXTUAL/1/64/5/5402/ANC_439982_285402.jpg,ANC_439982_285402.jpg,1920
Arxiu Nacional de Catalunya,BERT I CLARET (FOTOPERIODISTES),"Retrat de Ramon Torres, periodista i fundador de la Unió Esportiva de Sants.",,"Torres i Casanovas, Ramon (periodista)",https://static.arxiusenlinia.cultura.gencat.cat/active/GANC/NOTEXTUAL/1/64/5/5412/ANC_439992_285412.jpg,ANC_439992_285412.jpg,1930
Arxiu Nacional de Catalunya,BERT I CLARET (FOTOPERIODISTES),Banquet [amb el periodista Ramon Torres].,,"Torres i Casanovas, Ramon (periodista)",https://static.arxiusenlinia.cultura.gencat.cat/active/GANC/NOTEXTUAL/1/64/5/5686/ANC_440250_285686.jpg,ANC_440250_285686.jpg,1932
Arxiu Nacional de Catalunya,GENERALITAT DE CATALUNYA (SEGONA REPÚBLICA),Enterrament del cèlebre aviador català Ramon Torres Guasch i dels seus quatre companys. Barcelona.,Barcelona (Passeig de Gràcia),"Torres Guasch, Ramón|García-Escámez, Francisco",https://static.arxiusenlinia.cultura.gencat.cat/active/GANC/NOTEXTUAL/1/1/1/1903/86093_1.jpg,86093_1.jpg,1937
Arxiu Nacional de Catalunya,GENERALITAT DE CATALUNYA (SEGONA REPÚBLICA),"Ciutadans assistents a l'enterrament del cèlebre aviador català Ramon Torres Guasch i dels seus quatre companys, Barcelona.",Barcelona (Passeig de Gràcia),"García-Escámez, Francisco|Torres Guasch, Ramón",https://static.arxiusenlinia.cultura.gencat.cat/active/GANC/NOTEXTUAL/1/1/1/1904/86094_1.jpg,86094_1.jpg,1937
Arxiu Nacional de Catalunya,GENERALITAT DE CATALUNYA (SEGONA REPÚBLICA),"Ciutadans assistents a l'enterrament del cèlebre aviador català Ramon Torres Guasch i dels seus quatre companys, Barcelona.",Barcelona (Passeig de Gràcia),"García-Escámez, Francisco|Torres Guasch, Ramón",https://static.arxiusenlinia.cultura.gencat.cat/active/GANC/NOTEXTUAL/1/1/1/1905/86095_1.jpg,86095_1.jpg,1937
Arxiu Nacional de Catalunya,GENERALITAT DE CATALUNYA (SEGONA REPÚBLICA),"Ciutadans assistents a l'enterrament del cèlebre aviador català Ramon Torres Guasch i dels seus quatre companys, Barcelona.",Barcelona (Passeig de Gràcia),"Torres Guasch, Ramón|García-Escámez, Francisco",https://static.arxiusenlinia.cultura.gencat.cat/active/GANC/NOTEXTUAL/1/1/1/1907/86097_1.jpg,86097_1.jpg,1937
Arxiu Nacional de Catalunya,GENERALITAT DE CATALUNYA (SEGONA REPÚBLICA),"Carrosses mortuòries en el seguici fúnebre de l'enterrament del cèlebre aviador català Ramon Torres Guasch i dels seus quatre companys, Barcelona.",Barcelona (Passeig de Gràcia),"García-Escámez, Francisco",https://static.arxiusenlinia.cultura.gencat.cat/active/GANC/NOTEXTUAL/1/1/1/1908/86098_1.jpg,86098_1.jpg,1937
Arxiu Nacional de Catalunya,GENERALITAT DE CATALUNYA (SEGONA REPÚBLICA),"Carrosses mortuòries en el seguici fúnebre de l'enterrament del cèlebre aviador català Ramon Torres Guasch i dels seus quatre companys, Barcelona.",Barcelona (Passeig de Gràcia),"García-Escámez, Francisco|Torres Guasch, Ramón",https://static.arxiusenlinia.cultura.gencat.cat/active/GANC/NOTEXTUAL/1/1/1/1909/86099_1.jpg,86099_1.jpg,1937
Arxiu Nacional de Catalunya,GABRIEL CASAS i GALOBARDES,"Descans de l'assaig d'un obra de teatre de la companyia del Teatre Talia de Barcelona. A la dreta, darrera l'apuntador, el seu director August Barbosa. Una de les persones del fons és l'actriu Enriqueta Torres.",Barcelona,"Teatre Talia|Torres, Enriqueta|Barbosa, August",https://static.arxiusenlinia.cultura.gencat.cat/active/GANC/NOTEXTUAL/1/5/1/1887/ANC_156040_157174.jpg,ANC_156040_157174.jpg,1930
Arxiu Nacional de Catalunya,RAFAEL AREÑAS(pare i fill),Retrat de l'actriu de teatre [Emilia Baró] caracteritzada.,Barcelona,"Baró, Emilia (actriu)",https://static.arxiusenlinia.cultura.gencat.cat/active/GANC/NOTEXTUAL/1/1057/0/33/ANC_586818_377343.jpg,ANC_586818_377343.jpg,1910
Arxiu Nacional de Catalunya,ANTONIO ESPLUGAS,"Retrat de cos sencer de l'actriu Celestina Casasl i Baqué ""Tina Jordi"", germana de la també actriu Montserrat Casals i Baqué ""Elena Jordi""",Barcelona,"Casals i Baqué, Celestina (Tina Jordi)",https://static.arxiusenlinia.cultura.gencat.cat/active/GANC/NOTEXTUAL/1/402/2/2996/ANC_480860_385594.jpg,ANC_480860_385594.jpg,1915
Arxiu Nacional de Catalunya,ANTONIO ESPLUGAS,"Retrat de cos sencer de l'actriu Celestina Casasl i Baqué ""Tina Jordi"", germana de la també actriu Montserrat Casals i Baqué ""Elena Jordi""",Barcelona,"Casals i Baqué, Celestina (Tina Jordi)",https://static.arxiusenlinia.cultura.gencat.cat/active/GANC/NOTEXTUAL/1/402/2/2997/ANC_481792_386822.jpg,ANC_481792_386822.jpg,1915
Arxiu Nacional de Catalunya,ANTONIO ESPLUGAS,"Retrat de cos sencer de l'actriu Celestina Casasl i Baqué ""Tina Jordi"", germana de la també actriu Montserrat Casals i Baqué ""Elena Jordi""",Barcelona,"Casals i Baqué, Celestina (Tina Jordi)",https://static.arxiusenlinia.cultura.gencat.cat/active/GANC/NOTEXTUAL/1/402/2/2998/ANC_481791_386821.jpg,ANC_481791_386821.jpg,1915
Arxiu Nacional de Catalunya,ANTONIO ESPLUGAS,"Retrat de cos sencer de l'actriu Montserrat Casals i Baqué ""Elena Jordi"" asseguda en una cadira i encenent una cigarreta",Barcelona,"Casals i Baqué, Montserrat (actriu)|Elena Jordi (actriu) veure Casals i Baqué, Montserrat",https://static.arxiusenlinia.cultura.gencat.cat/active/GANC/NOTEXTUAL/1/402/2/2999/ANC_481795_386825.jpg,ANC_481795_386825.jpg,1915
Arxiu Nacional de Catalunya,ANTONIO ESPLUGAS,"Retrat de cos sencer de l'actriu Montserrat Casals i Baqué ""Elena Jordi"" asseguda en un sofà",Barcelona,"Casals i Baqué, Montserrat (actriu)|Elena Jordi (actriu) veure Casals i Baqué, Montserrat",https://static.arxiusenlinia.cultura.gencat.cat/active/GANC/NOTEXTUAL/1/402/3/3000/ANC_481553_386538.jpg,ANC_481553_386538.jpg,1915
Arxiu Nacional de Catalunya,ANTONIO ESPLUGAS,"Retrat de mig cos de l'actriu Montserrat Casals i Baqué ""Elena Jordi""",Barcelona,"Casals i Baqué, Montserrat (actriu)|Elena Jordi (actriu) veure Casals i Baqué, Montserrat",https://static.arxiusenlinia.cultura.gencat.cat/active/GANC/NOTEXTUAL/1/402/3/3001/ANC_481552_386537.jpg,ANC_481552_386537.jpg,1915
Arxiu Nacional de Catalunya,ANTONIO ESPLUGAS,"Retrat de mig cos de l'actriu Montserrat Casals i Baqué ""Elena Jordi"".",Barcelona,"Casals i Baqué, Montserrat (actriu)|Elena Jordi (actriu) veure Casals i Baqué, Montserrat",https://static.arxiusenlinia.cultura.gencat.cat/active/GANC/NOTEXTUAL/1/402/4/4722/ANC_481374_386292.jpg,ANC_481374_386292.jpg,1915
Arxiu Nacional de Catalunya,ANTONIO ESPLUGAS,"Retrat de mig cos de l'actriu Montserrat Casals i Baqué ""Elena Jordi"".",Barcelona,"Casals i Baqué, Montserrat (actriu)|Elena Jordi (actriu) veure Casals i Baqué, Montserrat",https://static.arxiusenlinia.cultura.gencat.cat/active/GANC/NOTEXTUAL/1/402/4/4723/ANC_481389_386307.jpg,ANC_481389_386307.jpg,1915
Arxiu Nacional de Catalunya,ANTONIO ESPLUGAS,"Retrat de mig cos de l'actriu Montserrat Casals i Baqué ""Elena Jordi"".",Barcelona,"Casals i Baqué, Montserrat (actriu)|Elena Jordi (actriu) veure Casals i Baqué, Montserrat",https://static.arxiusenlinia.cultura.gencat.cat/active/GANC/NOTEXTUAL/1/402/4/4724/ANC_481390_386308.jpg,ANC_481390_386308.jpg,1915
Arxiu Nacional de Catalunya,ANTONIO ESPLUGAS,"Retrat de cos sencer de l'actriu Montserrat Casals i Baqué ""Elena Jordi"" asseguda.",Barcelona,"Casals i Baqué, Montserrat (actriu)|Elena Jordi (actriu) veure Casals i Baqué, Montserrat",https://static.arxiusenlinia.cultura.gencat.cat/active/GANC/NOTEXTUAL/1/402/4/4725/ANC_482272_388580.jpg,ANC_482272_388580.jpg,1915
Arxiu Nacional de Catalunya,ANTONIO ESPLUGAS,"Reproducció d'un retrat de bust de l'actriu Montserrat Casals i Baqué ""Elena Jordi"". L'autor de la fotografia original no ha estat identificat.",Barcelona,"Casals i Baqué, Montserrat (actriu)|Elena Jordi (actriu) veure Casals i Baqué, Montserrat",https://static.arxiusenlinia.cultura.gencat.cat/active/GANC/NOTEXTUAL/1/402/4/4726/ANC_482271_388579.jpg,ANC_482271_388579.jpg,1915
Arxiu Nacional de Catalunya,ANTONIO ESPLUGAS,"Reproducció d'un retrat de bust de l'actriu Montserrat Casals i Baqué ""Elena Jordi"". L'autor de la fotografia original no ha estat identificat.",Barcelona,"Casals i Baqué, Montserrat (actriu)|Elena Jordi (actriu) veure Casals i Baqué, Montserrat",https://static.arxiusenlinia.cultura.gencat.cat/active/GANC/NOTEXTUAL/1/402/4/4727/ANC_482270_388578.jpg,ANC_482270_388578.jpg,1915
Arxiu Nacional de Catalunya,ANTONIO ESPLUGAS,"Retrat de cos sencer de l'actriu Montserrat Casals i Baqué ""Elena Jordi"".",Barcelona,"Casals i Baqué, Montserrat (actriu)|Elena Jordi (actriu) veure Casals i Baqué, Montserrat",https://static.arxiusenlinia.cultura.gencat.cat/active/GANC/NOTEXTUAL/1/402/4/4728/ANC_483505_389322.jpg,ANC_483505_389322.jpg,1915
Arxiu Nacional de Catalunya,ANTONIO ESPLUGAS,"Retrat de cos sencer de l'actriu Montserrat Casals i Baqué ""Elena Jordi"".",Barcelona,"Casals i Baqué, Montserrat (actriu)|Elena Jordi (actriu) veure Casals i Baqué, Montserrat",https://static.arxiusenlinia.cultura.gencat.cat/active/GANC/NOTEXTUAL/1/402/4/4741/ANC_483506_389323.jpg,ANC_483506_389323.jpg,1915
Arxiu Nacional de Catalunya,ANTONIO ESPLUGAS,"Retrat de bust de l'actriu Montserrat Casals i Baqué ""Elena Jordi"".",Barcelona,"Casals i Baqué, Montserrat (actriu)|Elena Jordi (actriu) veure Casals i Baqué, Montserrat",https://static.arxiusenlinia.cultura.gencat.cat/active/GANC/NOTEXTUAL/1/402/4/4742/ANC_481812_386843.jpg,ANC_481812_386843.jpg,1915
Arxiu Nacional de Catalunya,ANTONIO ESPLUGAS,"Retrat de cos sencer de l'actriu Montserrat Casals i Baqué ""Elena Jordi"" amb un gosset a les mans",Barcelona,"Casals i Baqué, Montserrat (actriu)|Elena Jordi (actriu) veure Casals i Baqué, Montserrat",https://static.arxiusenlinia.cultura.gencat.cat/active/GANC/NOTEXTUAL/1/402/4/4815/ANC_485988_393363.jpg,ANC_485988_393363.jpg,1915
Arxiu Nacional de Catalunya,ANTONIO ESPLUGAS,"Retrat de cos sencer de l'actriu Montserrat Casals i Baqué ""Elena Jordi""",Barcelona,"Casals i Baqué, Montserrat (actriu)|Elena Jordi (actriu) veure Casals i Baqué, Montserrat",https://static.arxiusenlinia.cultura.gencat.cat/active/GANC/NOTEXTUAL/1/402/4/4816/ANC_485989_393364.jpg,ANC_485989_393364.jpg,1915
Arxiu Nacional de Catalunya,ANTONIO ESPLUGAS,"Retrat de bust de l'actriu Montserrat Casals i Baqué ""Elena Jordi""",Barcelona,"Casals i Baqué, Montserrat (actriu)|Elena Jordi (actriu) veure Casals i Baqué, Montserrat",https://static.arxiusenlinia.cultura.gencat.cat/active/GANC/NOTEXTUAL/1/402/4/4817/ANC_485965_393293.jpg,ANC_485965_393293.jpg,1915
Arxiu Nacional de Catalunya,ANTONIO ESPLUGAS,"Retrat de cos sencer de les actrius Montserrat Casals i Baqué ""Elena Jordi"" (a la dreta) i la seva germana Celestina Casals i Baqué ""Tina Jordi"" (a l'esquerra), totes dues vestides a l'estil flamenc.",Barcelona,"Casals i Baqué, Montserrat (actriu)|Elena Jordi (actriu) veure Casals i Baqué, Montserrat|Casals i Baqué, Celestina (Tina Jordi)",https://static.arxiusenlinia.cultura.gencat.cat/active/GANC/NOTEXTUAL/1/402/8/8859/ANC_556599_390864.jpg,ANC_556599_390864.jpg,1905
Arxiu Nacional de Catalunya,ANTONIO ESPLUGAS,"Retrat de cos sencer de les actrius Montserrat Casals i Baqué ""Elena Jordi"" (a l'esquerra) i la seva germana Celestina Casals i Baqué ""Tina Jordi"" (a la dreta), totes dues vestides a l'estil flamenc i posant-se les arracades.",Barcelona,"Casals i Baqué, Montserrat (actriu)|Elena Jordi (actriu) veure Casals i Baqué, Montserrat|Casals i Baqué, Celestina (Tina Jordi)",https://static.arxiusenlinia.cultura.gencat.cat/active/GANC/NOTEXTUAL/1/402/9/9178/ANC_557479_384939.jpg,ANC_557479_384939.jpg,1905
Arxiu Nacional de Catalunya,BRANGULÍ (FOTÒGRAFS),"Carles Capdevila amb la companyia de ràdio teatre que dirigeix als estudis de Ràdio Associació de Catalunya, Barcelona.",Barcelona,"Ràdio Associació de Catalunya EAJ-15|Capdevila i Recasens, Carles",https://static.arxiusenlinia.cultura.gencat.cat/active/GANC/NOTEXTUAL/1/42/23/23086/1_135454_137141.jpg,1_135454_137141.jpg,1935
Arxiu Nacional de Catalunya,GABRIEL CASAS i GALOBARDES,"Retrat d'un grup de periodistes al voltant d'una taula després d'un sopar. D'esquerra a dreta: Joaquim Pellicena, de ""La Veu""; Rovira i Virgili, de ""La Nau""; Carles Capdevila, de ""La Publicitat""; Josep Maria Capdevila, d'""El Matí""; Manuel Brunet, de ""Mirador"".",Barcelona,"Rovira i Virgili, Antoni, 1882-1949|Pellicena i Camacho, Joaquim|Capdevila i Recasens, Carles|Capdevila i Balanzó, Josep Maria|Brunet i Solà, Manuel",https://static.arxiusenlinia.cultura.gencat.cat/active/GANC/NOTEXTUAL/1/5/18/18133/ANC_172285_211433.jpg,ANC_172285_211433.jpg,1929
Arxiu Nacional de Catalunya,GABRIEL CASAS i GALOBARDES,L'escriptor Carles Soldevila i el director de teatre Carles Capdevila asseguts a l'escenari del [teatre Novetats] repassant uns textos.,Barcelona,"Soldevila i Zubiburu, Carles|Teatro Novedades|Capdevila i Recasens, Carles",https://static.arxiusenlinia.cultura.gencat.cat/active/GANC/NOTEXTUAL/1/5/1/1877/ANC_156030_157164.jpg,ANC_156030_157164.jpg,1925
Arxiu Nacional de Catalunya,GABRIEL CASAS i GALOBARDES,"L'escriptor Carles Soldevila llegeix l'obra de teatre ""Mecenes"" davant la companyia del teatre Novetats. Al seu costat Carles Capdevila, director del teatre.",Barcelona,"Soldevila i Zubiburu, Carles",https://static.arxiusenlinia.cultura.gencat.cat/active/GANC/NOTEXTUAL/1/5/1/1884/ANC_156037_157171.jpg,ANC_156037_157171.jpg,1930
Arxiu Nacional de Catalunya,JOSEP MARIA SAGARRA i PLANA,"Retrat dels participant en una representació teatral de l'obra ""L'honor del barri"" en homenatge al futbolista Marín Martínez, més conegut com a Rini, al teatre Novetats, a Barcelona. Entre d'altres, asseguts, Carles Capdevila, director de teatre i Josep Sunyol, empresari i, dempeus, els futbolistes Ricard Zamora, Josep Samitier i Vicenç Piera.",Barcelona,"Piera Pañella, Vicenç|Samitier i Vilalta, Josep|Teatro Novedades|Zamora i Martínez, Ricard|Sunyol i Garriga, Josep (Barcelona 1898 - serra de Guadarrama 1936)|Capdevila i Recasens, Carles",https://static.arxiusenlinia.cultura.gencat.cat/active/GANC/NOTEXTUAL/1/585/10/10087/ANC_634906_622457.jpg,ANC_634906_622457.jpg,1930
Arxiu Nacional de Catalunya,JOSEP MARIA SAGARRA i PLANA,"Retrat d'un grup d'homes, asseguts i dempeus darrera d'una taula, amb motiu d'un banquet en homenatge al periodista Josep M.Oromí, pel fet d'haver-li estat encarregada la secció de publicitat del diari La Publicitat, en un restaurant, a Barcelona. L'acompanya, entre d'altres, assegut en el centre, el director del diari, Carles Capdevila.",Barcelona,"Capdevila i Recasens, Carles|Oromí, Josep M. (periodista)|La Publicitat (diari)",https://static.arxiusenlinia.cultura.gencat.cat/active/GANC/NOTEXTUAL/1/585/11/11204/ANC_636007_630266.jpg,ANC_636007_630266.jpg,1933
Arxiu Comarcal Baix Llobregat,Llorenç Sans Fàbregas,"Visió frontal en pla general d'un grup de persones mudades en els jardins del parc Nadal, ab motiu d'un festival benèfic organitzat per Ràdio Barcelona, la revista ""Claror"" i l'Ajuntament de Sant Feliu de Llobregat, amb l'objectiu de la venda de butlletes per a un sorteig d'una casa de propietat municipal, a benefici dels obrers en atur forçós que van intervenir en la seva construcció i acondicionament; també per invitar a contrubuir a una suscripció obertaa per Ràdio Barcelona per a aconseguir diners per a la compra de mantes i lluirar-les a persones pobres que patien fred.. Apareixen, entre d'altres, el vigilant nocturn Miquel Estapé; el regidor Joan de Batlle; el locutor de Ràdio Barcelona Josep Torres (Toresky); la directora de l'Ensenyament Domèstic de la Generalitat de Catalunya, Concepció Ferran; Joana Raspall i Ramon Pons, en representació del periòdic local ""Claror"", portanveu de r""Escola de Declamació Miquel Rojas""; i els regidors Ramon Vicens i Enric d'Ossó, La fotografia apareix publicada a la revista Vaivé, número 64 de desembre de 1985, a la pàgina 39, sota el títol ""Festival benèfic al parc Nadal, el 30 de desembre de 1934"" en el capítol ""Recors de Sant Feliu"". Es tracta d'una reproducció fotogràfica.",Sant Feliu de Llobregat (Parc Nadal),"Raspall Juanola, Joana",https://static.arxiusenlinia.cultura.gencat.cat/active/GIAC/NOTEXTUAL/50/24/0/651/ACBL_1174020_050002430000651.jpg,ACBL_1174020_050002430000651.jpg,1934
Arxiu Comarcal Baix Llobregat,Col·lecció d'imatges del Baix Llobregat de l'Arxiu,"Visió frontal en pla general d'un grup nombrós de l'Escola de Declamació Miquel Rojas, dones, homes i infants, a la fàbrica del vidre de Cornellà de Llobregat. Es tracta d'una reproducció fotogràfica.",Cornellà de Llobregat (Fàbrica del vidre),,https://static.arxiusenlinia.cultura.gencat.cat/active/GIAC/NOTEXTUAL/50/57/0/510/ACBL_1236770_050005730000510.jpg,ACBL_1236770_050005730000510.jpg,1934
Arxiu de Complement de l'Arxiu Comarcal del Baix Llobregat,Col·lecció d'imatges ciutadanes de Sant Feliu de Llobregat de l'Arxiu,"Capçalera de la revista Claror, portaveu de l'Escola de Declamació Miquel Rojas, editada a Sant Feliu de Llobregat a l'època de la Segona República. L'oficina era a la cra. Laureà Miró, 184",Sant Feliu de Llobregat (Sant Feliu),,https://static.arxiusenlinia.cultura.gencat.cat/active/GIAC/NOTEXTUAL/51/90/10/10316/ACBL_286353_051009030010316.jpg,ACBL_286353_051009030010316.jpg,1931
Arxiu de Complement de l'Arxiu Comarcal del Baix Llobregat,Col·lecció d'imatges ciutadanes de Sant Feliu de Llobregat de l'Arxiu,Grup de teatre de l'Escola de Declamació Miquel Rojas.,Sant Feliu de Llobregat (La Salut),,https://static.arxiusenlinia.cultura.gencat.cat/active/GIAC/NOTEXTUAL/51/90/8/8751/ACBL_284482_051009030008751.jpg,ACBL_284482_051009030008751.jpg,1928
Arxiu de Complement de l'Arxiu Comarcal del Baix Llobregat,Col·lecció d'imatges ciutadanes de Sant Feliu de Llobregat de l'Arxiu,"Miquel Rojas, actor de teatre i director de l'Escola de Declamació Miquel Rojas. Estava afincat a Sant Feliu de Llobregat. Extret de la publicació ""El eco del Llobregat"", 30 d'octubre de 1929, número 24.",Sant Feliu de Llobregat,,https://static.arxiusenlinia.cultura.gencat.cat/active/GIAC/NOTEXTUAL/51/90/9/9796/ACBL_285779_051009030009796.jpg,ACBL_285779_051009030009796.jpg,1929
